[+] Configuring afaneh_beyond1qlte_defconfig
make: Entering directory '/home/dev/Documents/Workspace/GalaxyS10/android_kernel_samsung_sm8150-sukisu-upstream'
make[1]: Entering directory '/home/dev/Documents/Workspace/GalaxyS10/out-beyond1qlte-sukisu-enforce'
  GEN     ./Makefile
  HOSTCC  scripts/basic/fixdep
  SHIPPED scripts/kconfig/zconf.lex.c
  SHIPPED scripts/kconfig/zconf.tab.c
  HOSTCC  scripts/kconfig/conf.o
  HOSTCC  scripts/kconfig/zconf.tab.o
In file included from scripts/kconfig/zconf.tab.c:2470:
在函数‘dep_stack_insert’中,
    内联自‘sym_check_print_recursive’于 /home/dev/Documents/Workspace/GalaxyS10/android_kernel_samsung_sm8150-sukisu-upstream/scripts/kconfig/symbol.c:1123:3,
    内联自‘sym_check_deps’于 /home/dev/Documents/Workspace/GalaxyS10/android_kernel_samsung_sm8150-sukisu-upstream/scripts/kconfig/symbol.c:1300:3:
/home/dev/Documents/Workspace/GalaxyS10/android_kernel_samsung_sm8150-sukisu-upstream/scripts/kconfig/symbol.c:1099:19: warning: storing the address of local variable ‘cv_stack’ in ‘check_top’ [-Wdangling-pointer=]
 1099 |         check_top = stack;
      |         ~~~~~~~~~~^~~~~~~
/home/dev/Documents/Workspace/GalaxyS10/android_kernel_samsung_sm8150-sukisu-upstream/scripts/kconfig/symbol.c: 在函数‘sym_check_deps’中:
/home/dev/Documents/Workspace/GalaxyS10/android_kernel_samsung_sm8150-sukisu-upstream/scripts/kconfig/symbol.c:1120:26: note: ‘cv_stack’在此声明
 1120 |         struct dep_stack cv_stack;
      |                          ^~~~~~~~
/home/dev/Documents/Workspace/GalaxyS10/android_kernel_samsung_sm8150-sukisu-upstream/scripts/kconfig/symbol.c:1090:4: note: ‘check_top’在此声明
 1090 | } *check_top;
      |    ^~~~~~~~~
  HOSTLD  scripts/kconfig/conf
KCONFIG_VARIANT((null))
KCONFIG_DEBUG((null))
#
# configuration written to .config
#
make[1]: Leaving directory '/home/dev/Documents/Workspace/GalaxyS10/out-beyond1qlte-sukisu-enforce'
make: Leaving directory '/home/dev/Documents/Workspace/GalaxyS10/android_kernel_samsung_sm8150-sukisu-upstream'
[+] Building Image-dtb
make: Entering directory '/home/dev/Documents/Workspace/GalaxyS10/android_kernel_samsung_sm8150-sukisu-upstream'
make[1]: Entering directory '/home/dev/Documents/Workspace/GalaxyS10/out-beyond1qlte-sukisu-enforce'
  GEN     ./Makefile
scripts/kconfig/conf  --silentoldconfig Kconfig
  CHK     include/config/kernel.release
  UPD     include/config/kernel.release
  GEN     ./Makefile
  WRAP    arch/arm64/include/generated/uapi/asm/ioctls.h
  WRAP    arch/arm64/include/generated/uapi/asm/errno.h
  WRAP    arch/arm64/include/generated/uapi/asm/ioctl.h
  WRAP    arch/arm64/include/generated/uapi/asm/mman.h
  WRAP    arch/arm64/include/generated/uapi/asm/ipcbuf.h
  WRAP    arch/arm64/include/generated/uapi/asm/msgbuf.h
  WRAP    arch/arm64/include/generated/uapi/asm/poll.h
  WRAP    arch/arm64/include/generated/uapi/asm/kvm_para.h
  WRAP    arch/arm64/include/generated/uapi/asm/sembuf.h
  WRAP    arch/arm64/include/generated/uapi/asm/shmbuf.h
  WRAP    arch/arm64/include/generated/uapi/asm/resource.h
  WRAP    arch/arm64/include/generated/uapi/asm/swab.h
  WRAP    arch/arm64/include/generated/uapi/asm/termbits.h
  WRAP    arch/arm64/include/generated/uapi/asm/sockios.h
  WRAP    arch/arm64/include/generated/uapi/asm/socket.h
  WRAP    arch/arm64/include/generated/uapi/asm/termios.h
  WRAP    arch/arm64/include/generated/uapi/asm/types.h
  CHK     include/generated/uapi/linux/version.h
  UPD     include/generated/uapi/linux/version.h
  CHK     include/generated/utsrelease.h
  UPD     include/generated/utsrelease.h
  HOSTCC  scripts/basic/fixdep
  HOSTCC  scripts/basic/bin2c
  Using /home/dev/Documents/Workspace/GalaxyS10/android_kernel_samsung_sm8150-sukisu-upstream as source for kernel
  WRAP    arch/arm64/include/generated/asm/clkdev.h
  WRAP    arch/arm64/include/generated/asm/div64.h
  WRAP    arch/arm64/include/generated/asm/dma.h
  WRAP    arch/arm64/include/generated/asm/bugs.h
  WRAP    arch/arm64/include/generated/asm/early_ioremap.h
  WRAP    arch/arm64/include/generated/asm/delay.h
  WRAP    arch/arm64/include/generated/asm/dma-contiguous.h
  WRAP    arch/arm64/include/generated/asm/hw_irq.h
  WRAP    arch/arm64/include/generated/asm/irq_regs.h
  WRAP    arch/arm64/include/generated/asm/emergency-restart.h
  WRAP    arch/arm64/include/generated/asm/kdebug.h
  WRAP    arch/arm64/include/generated/asm/local.h
  WRAP    arch/arm64/include/generated/asm/local64.h
  WRAP    arch/arm64/include/generated/asm/mcs_spinlock.h
  WRAP    arch/arm64/include/generated/asm/kmap_types.h
  WRAP    arch/arm64/include/generated/asm/mm-arch-hooks.h
  WRAP    arch/arm64/include/generated/asm/msi.h
  WRAP    arch/arm64/include/generated/asm/preempt.h
  WRAP    arch/arm64/include/generated/asm/segment.h
  WRAP    arch/arm64/include/generated/asm/serial.h
  WRAP    arch/arm64/include/generated/asm/qrwlock.h
  WRAP    arch/arm64/include/generated/asm/set_memory.h
  WRAP    arch/arm64/include/generated/asm/rwsem.h
  WRAP    arch/arm64/include/generated/asm/trace_clock.h
  WRAP    arch/arm64/include/generated/asm/unaligned.h
  WRAP    arch/arm64/include/generated/asm/sizes.h
  WRAP    arch/arm64/include/generated/asm/user.h
  WRAP    arch/arm64/include/generated/asm/switch_to.h
  WRAP    arch/arm64/include/generated/asm/xor.h
  WRAP    arch/arm64/include/generated/asm/vga.h
  HOSTCC  scripts/kallsyms
  HOSTCC  scripts/extract-cert
  HOSTCC  scripts/sortextable
  HOSTCC  scripts/asn1_compiler
  SHIPPED scripts/genksyms/parse.tab.c
  CC      scripts/mod/empty.o
  HOSTCC  scripts/mod/mk_elfconfig
  HOSTCC  scripts/genksyms/genksyms.o
  SHIPPED scripts/genksyms/lex.lex.c
  SHIPPED scripts/genksyms/parse.tab.h
  CC      scripts/mod/devicetable-offsets.s
  HOSTCC  scripts/genksyms/lex.lex.o
  HOSTCC  scripts/genksyms/parse.tab.o
  HOSTCC  scripts/selinux/genheaders/genheaders
  HOSTCC  scripts/selinux/mdp/mdp
/home/dev/Documents/Workspace/GalaxyS10/android_kernel_samsung_sm8150-sukisu-upstream/scripts/extract-cert.c: 在函数‘display_openssl_errors’中:
/home/dev/Documents/Workspace/GalaxyS10/android_kernel_samsung_sm8150-sukisu-upstream/scripts/extract-cert.c:46:9: warning: ‘ERR_get_error_line’ 已被弃用: Since OpenSSL 3.0 [-Wdeprecated-declarations]
   46 |         while ((e = ERR_get_error_line(&file, &line))) {
      |         ^~~~~
In file included from /home/dev/Documents/Workspace/GalaxyS10/android_kernel_samsung_sm8150-sukisu-upstream/scripts/extract-cert.c:23:
/usr/include/openssl/err.h:426:15: note: 在此声明
  426 | unsigned long ERR_get_error_line(const char **file, int *line);
      |               ^~~~~~~~~~~~~~~~~~
/home/dev/Documents/Workspace/GalaxyS10/android_kernel_samsung_sm8150-sukisu-upstream/scripts/extract-cert.c: 在函数‘drain_openssl_errors’中:
/home/dev/Documents/Workspace/GalaxyS10/android_kernel_samsung_sm8150-sukisu-upstream/scripts/extract-cert.c:59:9: warning: ‘ERR_get_error_line’ 已被弃用: Since OpenSSL 3.0 [-Wdeprecated-declarations]
   59 |         while (ERR_get_error_line(&file, &line)) {}
      |         ^~~~~
/usr/include/openssl/err.h:426:15: note: 在此声明
  426 | unsigned long ERR_get_error_line(const char **file, int *line);
      |               ^~~~~~~~~~~~~~~~~~
/home/dev/Documents/Workspace/GalaxyS10/android_kernel_samsung_sm8150-sukisu-upstream/scripts/extract-cert.c: 在函数‘main’中:
/home/dev/Documents/Workspace/GalaxyS10/android_kernel_samsung_sm8150-sukisu-upstream/scripts/extract-cert.c:124:17: warning: ‘ENGINE_load_builtin_engines’ 已被弃用: Since OpenSSL 3.0 [-Wdeprecated-declarations]
  124 |                 ENGINE_load_builtin_engines();
      |                 ^~~~~~~~~~~~~~~~~~~~~~~~~~~
In file included from /home/dev/Documents/Workspace/GalaxyS10/android_kernel_samsung_sm8150-sukisu-upstream/scripts/extract-cert.c:24:
/usr/include/openssl/engine.h:358:28: note: 在此声明
  358 | OSSL_DEPRECATEDIN_3_0 void ENGINE_load_builtin_engines(void);
      |                            ^~~~~~~~~~~~~~~~~~~~~~~~~~~
/home/dev/Documents/Workspace/GalaxyS10/android_kernel_samsung_sm8150-sukisu-upstream/scripts/extract-cert.c:126:17: warning: ‘ENGINE_by_id’ 已被弃用: Since OpenSSL 3.0 [-Wdeprecated-declarations]
  126 |                 e = ENGINE_by_id("pkcs11");
      |                 ^
/usr/include/openssl/engine.h:336:31: note: 在此声明
  336 | OSSL_DEPRECATEDIN_3_0 ENGINE *ENGINE_by_id(const char *id);
      |                               ^~~~~~~~~~~~
/home/dev/Documents/Workspace/GalaxyS10/android_kernel_samsung_sm8150-sukisu-upstream/scripts/extract-cert.c:128:17: warning: ‘ENGINE_init’ 已被弃用: Since OpenSSL 3.0 [-Wdeprecated-declarations]
  128 |                 if (ENGINE_init(e))
      |                 ^~
/usr/include/openssl/engine.h:622:27: note: 在此声明
  622 | OSSL_DEPRECATEDIN_3_0 int ENGINE_init(ENGINE *e);
      |                           ^~~~~~~~~~~
/home/dev/Documents/Workspace/GalaxyS10/android_kernel_samsung_sm8150-sukisu-upstream/scripts/extract-cert.c:133:25: warning: ‘ENGINE_ctrl_cmd_string’ 已被弃用: Since OpenSSL 3.0 [-Wdeprecated-declarations]
  133 |                         ERR(!ENGINE_ctrl_cmd_string(e, "PIN", key_pass, 0), "Set PKCS#11 PIN");
      |                         ^~~
/usr/include/openssl/engine.h:479:5: note: 在此声明
  479 | int ENGINE_ctrl_cmd_string(ENGINE *e, const char *cmd_name, const char *arg,
      |     ^~~~~~~~~~~~~~~~~~~~~~
/home/dev/Documents/Workspace/GalaxyS10/android_kernel_samsung_sm8150-sukisu-upstream/scripts/extract-cert.c:134:17: warning: ‘ENGINE_ctrl_cmd’ 已被弃用: Since OpenSSL 3.0 [-Wdeprecated-declarations]
  134 |                 ENGINE_ctrl_cmd(e, "LOAD_CERT_CTRL", 0, &parms, NULL, 1);
      |                 ^~~~~~~~~~~~~~~
/usr/include/openssl/engine.h:450:27: note: 在此声明
  450 | OSSL_DEPRECATEDIN_3_0 int ENGINE_ctrl_cmd(ENGINE *e, const char *cmd_name,
      |                           ^~~~~~~~~~~~~~~
  CHK     scripts/mod/devicetable-offsets.h
  UPD     scripts/mod/devicetable-offsets.h
  MKELF   scripts/mod/elfconfig.h
  HOSTCC  scripts/mod/modpost.o
  HOSTCC  scripts/mod/file2alias.o
  HOSTCC  scripts/mod/sumversion.o
/home/dev/Documents/Workspace/GalaxyS10/android_kernel_samsung_sm8150-sukisu-upstream/scripts/mod/modpost.c: 在函数‘match’中:
/home/dev/Documents/Workspace/GalaxyS10/android_kernel_samsung_sm8150-sukisu-upstream/scripts/mod/modpost.c:811:30: warning: assignment discards ‘const’ qualifier from pointer target type [-Wdiscarded-qualifiers]
  811 |                         here = strstr(sym, bare);
      |                              ^
  HOSTLD  scripts/genksyms/genksyms
  HOSTLD  scripts/mod/modpost
  CHK     include/generated/timeconst.h
  CC      kernel/bounds.s
  UPD     include/generated/timeconst.h
  CHK     include/generated/bounds.h
  UPD     include/generated/bounds.h
  CC      arch/arm64/kernel/asm-offsets.s
  CHK     include/generated/asm-offsets.h
  UPD     include/generated/asm-offsets.h
  CALL    /home/dev/Documents/Workspace/GalaxyS10/android_kernel_samsung_sm8150-sukisu-upstream/scripts/checksyscalls.sh
  LDS     arch/arm64/kernel/vdso/vdso.lds
  VDSOA   arch/arm64/kernel/vdso/gettimeofday.o
  VDSOA   arch/arm64/kernel/vdso/note.o
  VDSOA   arch/arm64/kernel/vdso/sigreturn.o
  LD      arch/arm64/kernel/vdso/vdso.so.dbg
  VDSOSYM include/generated/vdso-offsets.h
  CHK     include/generated/compile.h
  CC      init/main.o
  CC      init/do_mounts.o
  CC      init/do_mounts_rd.o
  CC      init/do_mounts_initrd.o
  CC      init/do_mounts_dm.o
  CC      init/noinitramfs.o
  CC      init/initramfs.o
  CC      init/calibrate.o
  CC      init/init_task.o
  HOSTCC  usr/gen_init_cpio
  UPD     include/generated/compile.h
  CC      init/version.o
  CC      arch/arm64/kernel/debug-monitors.o
  AS      arch/arm64/kernel/entry.o
  CC      arch/arm64/kernel/irq.o
  GEN     usr/initramfs_data.cpio
  CC      arch/arm64/kernel/fpsimd.o
  CC      arch/arm64/mm/dma-mapping.o
  AS      usr/initramfs_data.o
  AR      arch/arm64/net/built-in.o
  CC      arch/arm64/mm/extable.o
  CC      arch/arm64/mm/fault.o
  AR      usr/built-in.o
  AS      arch/arm64/kernel/entry-fpsimd.o
  CC      arch/arm64/mm/init.o
  CC      arch/arm64/kernel/process.o
  CC      arch/arm64/crypto/first_file_asm.o
  AS      arch/arm64/mm/cache.o
  CC      arch/arm64/crypto/sha1-ce-glue.o
  AS      arch/arm64/crypto/sha1-ce-core.o
  CC      arch/arm64/kernel/ptrace.o
  CC      arch/arm64/mm/copypage.o
  CC      arch/arm64/mm/flush.o
  CC      arch/arm64/kernel/setup.o
  CC      arch/arm64/mm/ioremap.o
  CC      arch/arm64/mm/mmap.o
  CC      certs/system_keyring.o
  CC      arch/arm64/crypto/sha2-ce-glue.o
  EXTRACT_CERTS   
  CC      kernel/fork.o
  CC      arch/arm64/kernel/signal.o
  AS      arch/arm64/crypto/sha2-ce-core.o
  AR      init/mounts.o
  AR      init/built-in.o
  CC      arch/arm64/kernel/sys.o
  CC      arch/arm64/kernel/stacktrace.o
  AS      certs/system_certificates.o
  AS      arch/arm64/crypto/aes-ce-core.o
  CC      kernel/exec_domain.o
  CC      arch/arm64/kernel/time.o
  CC      arch/arm64/kernel/traps.o
  CC      mm/filemap.o
  CC      mm/mempool.o
  CC      arch/arm64/crypto/aes-ce-glue.o
  CC      kernel/panic.o
  AR      certs/built-in.o
  CC      arch/arm64/mm/pgd.o
  CC      arch/arm64/crypto/aes-glue-ce.o
  CC      mm/oom_kill.o
  CC      kernel/cpu.o
  CC      arch/arm64/mm/mmu.o
  CC      arch/arm64/kernel/io.o
  CC      mm/maccess.o
  CC      fs/open.o
  CC      fs/read_write.o
  AS      arch/arm64/crypto/aes-ce.o
  CC      kernel/exit.o
  AR      ipc/built-in.o
  CC      mm/page_alloc.o
  CC      fs/file_table.o
  CC      arch/arm64/crypto/last_file_asm.o
  CC      arch/arm64/kernel/vdso.o
  CC      security/keys/gc.o
  CC      arch/arm64/crypto/sha256-glue.o
  CC      arch/arm64/mm/context.o
  CC      security/mstdrv/mstdrv.o
  AS      arch/arm64/kernel/hyp-stub.o
  AS      arch/arm64/mm/proc.o
  CC      security/keys/key.o
  CC      mm/page-writeback.o
  CC      arch/arm64/kernel/psci.o
  CC      security/keys/keyring.o
  CC      crypto/first_file.o
  CC      security/keys/keyctl.o
  CC      arch/arm64/mm/pageattr.o
  CC      security/sdp/dek.o
  CC      crypto/fips_integrity.o
  CC      security/sdp/dek_aes.o
  CC      security/keys/permission.o
  SHIPPED arch/arm64/crypto/sha256-core.S
  AS      arch/arm64/crypto/aes-cipher-core.o
  CC      arch/arm64/kernel/cpu_ops.o
  CC      block/bio.o
  CC      fs/super.o
  CC      arch/arm64/crypto/aes-cipher-glue.o
  AR      arch/arm64/mm/built-in.o
  AR      security/mstdrv/built-in.o
  CC      security/keys/process_keys.o
  CC      security/commoncap.o
  CC      security/smack/smack_lsm.o
  CC      mm/readahead.o
  CC      arch/arm64/kernel/insn.o
  GEN     security/selinux/flask.h security/selinux/av_permissions.h
  CC      security/selinux/avc.o
  CC      kernel/softirq.o
  CC      kernel/resource.o
  CC      crypto/api.o
  AR      arch/arm64/crypto/sha1-ce.o
  AR      arch/arm64/crypto/sha2-ce.o
  AR      arch/arm64/crypto/aes-ce-cipher.o
  AR      arch/arm64/crypto/aes-ce-blk.o
  AS      arch/arm64/crypto/sha256-core.o
  CC      security/smack/smack_access.o
  CC      security/sdp/pub_crypto_emul.o
  AR      arch/arm64/crypto/aes-arm64.o
  AR      arch/arm64/crypto/sha256-arm64.o
  AR      arch/arm64/crypto/built-in.o
  CC      arch/arm64/kernel/return_address.o
  CC      security/keys/request_key.o
  CC      fs/char_dev.o
  CC      drivers/adsp_factory/adsp_factory.o
  CC      security/selinux/hooks.o
  CC      sound/sound_core.o
  CC      block/elevator.o
  CC      drivers/amba/bus.o
  CC      security/smack/smackfs.o
  CC      kernel/sysctl.o
  CC      security/sdp/dek_sysfs.o
  CC      security/min_addr.o
  CC      security/keys/request_key_auth.o
  CC      mm/swap.o
  CC      crypto/cipher.o
  CC      mm/truncate.o
  CC      arch/arm64/kernel/cpuinfo.o
  CC      crypto/compress.o
  CC      crypto/memneq.o
  CC      security/sdp/cache_cleanup.o
  CC      drivers/adsp_factory/ssc_core.o
  CC      security/keys/user_defined.o
  AR      sound/arm/built-in.o
  AR      sound/atmel/built-in.o
  CC      fs/stat.o
  AR      drivers/amba/built-in.o
  CC      drivers/adsp_factory/lsm6dso_accel.o
  CC      sound/core/sound.o
  CC      security/keys/compat.o
  CC      security/sdp/kek_pack.o
  MK_FW   firmware/tsp_sec/y761_beyond0_phole.bin.gen.S
  MK_FW   firmware/tsp_sec/y771_beyond1_phole.bin.gen.S
  MK_FW   firmware/tsp_sec/y771_beyond2_phole.bin.gen.S
  MK_FW   firmware/tsp_sec/y771_beyondx_phole.bin.gen.S
  MK_FW   firmware/mfc/mfc_fw_flash.bin.gen.S
  MK_FW   firmware/abov/a96t356_beyond1qlte.bin.gen.S
  AS      firmware/tsp_sec/y761_beyond0_phole.bin.gen.o
  CC      arch/arm64/kernel/cpu_errata.o
  AR      security/smack/smack.o
  AR      security/smack/built-in.o
  CC      security/sdp/fs_handler.o
  AS      firmware/tsp_sec/y771_beyond1_phole.bin.gen.o
  AS      firmware/tsp_sec/y771_beyond2_phole.bin.gen.o
  CC      mm/vmscan.o
  CC      block/blk-core.o
  CC      security/sdp/dd_core.o
  CC      crypto/fips.o
  CC      crypto/algapi.o
  CC      security/keys/proc.o
  AS      firmware/tsp_sec/y771_beyondx_phole.bin.gen.o
  CC      crypto/scatterwalk.o
  CC      drivers/adsp_factory/lsm6dso_gyro.o
  CC      arch/arm64/kernel/cpufeature.o
  AS      firmware/mfc/mfc_fw_flash.bin.gen.o
  CC      sound/core/init.o
  CC      fs/exec.o
  AS      firmware/abov/a96t356_beyond1qlte.bin.gen.o
  CC      kernel/sysctl_binary.o
  AR      firmware/built-in.o
  CC      mm/shmem.o
  CC      security/keys/sysctl.o
  CC      drivers/adsp_factory/ak09918_mag.o
  CC      security/selinux/selinuxfs.o
  CC      techpack/stub/stub.o
  CC      mm/util.o
  AR      security/keys/built-in.o
  CC      block/blk-tag.o
  CC      kernel/capability.o
  AR      techpack/stub/built-in.o
  CC      drivers/adsp_factory/lps22hh_pressure.o
  CC      drivers/android/binder.o
  CC      arch/arm64/kernel/alternative.o
  CC      sound/core/memory.o
  CC      crypto/proc.o
  CC      drivers/adsp_factory/tmd490x_light.o
  CC      security/sdp/dd_xattr.o
  CC      arch/arm64/kernel/cacheinfo.o
  CC      arch/arm64/kernel/smp.o
  CC      crypto/aead.o
  CC      crypto/ablkcipher.o
  CC      sound/core/control.o
  CC      security/selinux/netlink.o
  CC      kernel/ptrace.o
  CC      fs/pipe.o
  CC      security/sdp/dd_kernel_crypto.o
  CC      crypto/blkcipher.o
  CC      drivers/adsp_factory/tmd490x_prox.o
  CC      security/selinux/nlmsgtab.o
  CC      kernel/user.o
  CC      mm/mmzone.o
  CC      block/blk-sysfs.o
  CC      drivers/adsp_factory/tmd490x_barcode_emul.o
  AR      security/sdp/built-in.o
  CC      mm/vmstat.o
  CC      mm/backing-dev.o
  CC      arch/arm64/kernel/smp_spin_table.o
  AR      drivers/auxdisplay/built-in.o
  CC      kernel/signal.o
  AR      sound/drivers/mpu401/built-in.o
  AR      sound/drivers/opl3/built-in.o
  AR      sound/drivers/opl4/built-in.o
  AR      sound/drivers/pcsp/built-in.o
  AR      sound/drivers/vx/built-in.o
  CC      fs/namei.o
  CC      security/selinux/netif.o
  AR      sound/drivers/built-in.o
  CC      drivers/adsp_factory/hidden_hole.o
  CC      techpack/audio/asoc/msm-audio-effects-q6-v2.o
  CC      block/blk-flush.o
  CC      crypto/skcipher.o
  CC      net/socket.o
  CC      techpack/audio/dsp/codecs/q6audio_v2.o
  CC      arch/arm64/kernel/topology.o
  CC      techpack/audio/dsp/codecs/q6audio_v2_aio.o
  CC      sound/core/misc.o
  AR      drivers/adsp_factory/built-in.o
  CC      techpack/audio/asoc/msm-compress-q6-v2.o
  CC      security/selinux/netnode.o
  AR      techpack/audio/asoc/codecs/msm_sdw/built-in.o
  CC      techpack/audio/dsp/codecs/audio_utils_aio.o
  CC      block/blk-settings.o
  AS      arch/arm64/kernel/smccc-call.o
  CC      mm/mm_init.o
  CC      arch/arm64/kernel/sys32.o
  CC      drivers/android/binder_alloc.o
  CC      sound/core/device.o
  CC      crypto/seqiv.o
  AR      techpack/audio/asoc/codecs/sdm660_cdc/built-in.o
  CC      techpack/audio/ipc/apr.o
  CC      security/selinux/netport.o
  CC      crypto/echainiv.o
  AS      arch/arm64/kernel/kuser32.o
  CC      techpack/audio/soc/pinctrl-wcd.o
  CC      arch/arm64/kernel/signal32.o
  CC      block/blk-ioc.o
  CC      fs/fcntl.o
  CC      techpack/audio/asoc/codecs/wcd934x/wcd934x.o
  CC      mm/mmu_context.o
  CC      techpack/audio/dsp/codecs/audio_utils.o
  CC      sound/core/info.o
  CC      crypto/ahash.o
  CC      kernel/sys.o
  CC      kernel/umh.o
  AR      drivers/android/built-in.o
  CC      security/selinux/exports.o
  AR      techpack/audio/soc/pinctrl_wcd_dlkm.o
  CC      drivers/base/component.o
  AR      techpack/audio/soc/built-in.o
  CC      kernel/workqueue.o
  CC      net/802/p8022.o
  CC      techpack/audio/dsp/codecs/audio_native.o
  CC      mm/percpu.o
  CC      arch/arm64/kernel/sys_compat.o
  CC      kernel/pid.o
  CC      block/blk-map.o
  CC      techpack/audio/ipc/apr_v2.o
  CC      security/selinux/ss/ebitmap.o
  CC      fs/ioctl.o
  CC      sound/core/ctljack.o
  CC      techpack/audio/dsp/codecs/aac_in.o
  CC      crypto/shash.o
  AS      arch/arm64/kernel/entry32.o
  CC      net/802/psnap.o
  CC      drivers/base/core.o
  CC      arch/arm64/kernel/arm64ksyms.o
  CC      sound/core/jack.o
  CC      techpack/audio/dsp/msm-audio-event-notify.o
  CC      techpack/audio/ipc/apr_tal_rpmsg.o
  CC      block/blk-exec.o
  CC      security/selinux/ss/hashtab.o
  CC      techpack/audio/dsp/codecs/amrnb_in.o
  AR      sound/firewire/built-in.o
  CC      mm/slab_common.o
  CC      fs/readdir.o
  CC      techpack/audio/ipc/wcd-dsp-glink.o
  CC      net/bluetooth/af_bluetooth.o
  CC      security/selinux/ss/symtab.o
  CC      net/802/stp.o
  CC      sound/core/hwdep.o
  CC      arch/arm64/kernel/module.o
  CC      security/selinux/ss/sidtab.o
  CC      crypto/algboss.o
  CC      security/selinux/ss/avtab.o
  CC      block/blk-merge.o
  CC      techpack/audio/dsp/codecs/amrwb_in.o
  CC      sound/core/timer.o
  CC      arch/arm64/kernel/module-plts.o
  AR      techpack/audio/ipc/apr_dlkm.o
  CC      fs/select.o
  CC      kernel/task_work.o
  CC      crypto/testmgr.o
  AR      techpack/audio/ipc/wglink_dlkm.o
  AR      net/802/built-in.o
  CC      kernel/extable.o
  CC      drivers/base/bus.o
  CC      security/security.o
  CC      arch/arm64/kernel/perf_regs.o
  AR      techpack/audio/ipc/built-in.o
  CC      techpack/audio/dsp/audio_calibration.o
  CC      techpack/audio/dsp/codecs/audio_aac.o
  CC      security/selinux/ss/policydb.o
  CC      drivers/battery_v2/sec_battery.o
  CC      net/bluetooth/hci_core.o
  CC      drivers/block/brd.o
  CC      arch/arm64/kernel/perf_callchain.o
  CC      kernel/params.o
  CC      mm/compaction.o
  CC      techpack/audio/dsp/codecs/audio_alac.o
  CC      block/blk-softirq.o
  CC      drivers/base/dd.o
  CC      drivers/block/loop.o
  CC      sound/core/pcm.o
  CC      arch/arm64/kernel/perf_event.o
  CC      techpack/audio/asoc/codecs/wcd934x/wcd934x-dsp-cntl.o
  AR      techpack/audio/asoc/codecs/wcd9360/built-in.o
  CC      security/selinux/ss/services.o
  CC      fs/dcache.o
  CC      techpack/audio/dsp/codecs/audio_amrnb.o
  CC      kernel/kthread.o
  CC      block/blk-timeout.o
  CC      fs/inode.o
  CC      arch/arm64/kernel/perf_trace_counters.o
  CC      drivers/base/syscore.o
  CC      techpack/audio/dsp/codecs/audio_amrwb.o
  CC      drivers/base/driver.o
  CC      crypto/hmac.o
  CC      sound/core/pcm_native.o
  CC      techpack/audio/asoc/codecs/wcd934x/wcd934x-dsd.o
  CC      drivers/block/zram/zcomp.o
  CC      block/blk-lib.o
  CC      arch/arm64/kernel/perf_trace_user.o
  CC      mm/vmacache.o
  CC      techpack/audio/dsp/codecs/audio_amrwbplus.o
  CC      net/bluetooth/hci_conn.o
  CC      crypto/sha1_generic.o
  CC      kernel/sys_ni.o
  CC      security/selinux/ss/conditional.o
  CC      net/bpf/test_run.o
  CC      kernel/nsproxy.o
  CC      drivers/base/class.o
  CC      mm/swap_slots.o
  CC      drivers/block/zram/zram_drv.o
  CC      arch/arm64/kernel/hw_breakpoint.o
  CC      techpack/audio/dsp/codecs/audio_ape.o
  CC      drivers/battery_v2/sec_battery_sysfs.o
  AR      sound/hda/built-in.o
  CC      fs/attr.o
  CC      techpack/audio/asoc/codecs/wcd934x/wcd934x-mbhc.o
  AS      arch/arm64/lib/bitops.o
  CC      block/blk-mq.o
  CC      kernel/notifier.o
  AS      arch/arm64/lib/clear_page.o
  CC      crypto/sha256_generic.o
  AR      net/bpf/built-in.o
  CC      drivers/bluetooth/bcm4361.o
  CC      mm/interval_tree.o
  AS      arch/arm64/lib/clear_user.o
  CC      security/selinux/ss/mls.o
  CC      techpack/audio/dsp/codecs/audio_evrc.o
  CC      drivers/base/platform.o
  AS      arch/arm64/lib/copy_from_user.o
  AS      arch/arm64/kernel/sleep.o
  AS      arch/arm64/lib/copy_in_user.o
  CC      arch/arm64/kernel/suspend.o
  CC      drivers/bluetooth/bluesleep.o
  CC      net/bluetooth/hci_event.o
  AS      arch/arm64/lib/copy_page.o
  CC      fs/bad_inode.o
  CC      mm/list_lru.o
  AS      arch/arm64/lib/copy_to_user.o
  CC      techpack/audio/dsp/codecs/audio_g711alaw.o
  CC      kernel/ksysfs.o
  CC      arch/arm64/lib/delay.o
  AR      techpack/audio/asoc/codecs/wcd934x/wcd934x_dlkm.o
  CC      drivers/battery_v2/sec_battery_dt.o
  CC      arch/arm64/kernel/cpuidle.o
  CC      security/selinux/ss/status.o
  AR      techpack/audio/asoc/codecs/wcd934x/built-in.o
  CC      sound/core/pcm_lib.o
  AR      drivers/block/zram/zram.o
  AR      drivers/block/zram/built-in.o
  CC      drivers/block/vs_block_server.o
  CC      fs/file.o
  CC      drivers/base/cpu.o
  CC      techpack/audio/dsp/codecs/audio_g711mlaw.o
  AS      arch/arm64/lib/memchr.o
  AR      drivers/bluetooth/built-in.o
  CC      arch/arm64/kernel/pci.o
  CC      arch/arm64/kernel/armv8_deprecated.o
  AS      arch/arm64/lib/memcmp.o
  CC      kernel/cred.o
  AR      techpack/audio/asoc/codecs/wcd937x/built-in.o
  CC      mm/workingset.o
  CC      crypto/sha512_generic.o
  AS      arch/arm64/lib/memcpy.o
  CC      security/selinux/netlabel.o
  CC      techpack/audio/asoc/codecs/wcd9xxx-rst.o
  AS      arch/arm64/lib/memmove.o
  CC      crypto/ecb.o
  AS      arch/arm64/lib/memset.o
  CC      techpack/audio/dsp/codecs/audio_hwacc_effects.o
  CC      drivers/battery_v2/sec_adc.o
  CC      drivers/block/vs_block_client.o
  CC      arch/arm64/kernel/kaslr.o
  CC      block/blk-mq-tag.o
  AS      arch/arm64/lib/strchr.o
  AS      arch/arm64/lib/strcmp.o
  CC      mm/debug.o
  CC      techpack/audio/asoc/codecs/wcd9xxx-core-init.o
  CC      drivers/base/firmware.o
  AS      arch/arm64/lib/strlen.o
  CC      fs/filesystems.o
  AR      security/selinux/selinux.o
  AR      security/selinux/built-in.o
  CC      security/lsm_audit.o
  CC      arch/arm64/kernel/probes/kprobes.o
  CC      techpack/audio/asoc/codecs/wcd9xxx-core.o
  AS      arch/arm64/lib/strncmp.o
  CC      kernel/reboot.o
  CC      sound/core/pcm_misc.o
  CC      techpack/audio/dsp/codecs/audio_mp3.o
  AS      arch/arm64/lib/strnlen.o
  CC      crypto/cbc.o
  CC      arch/arm64/kernel/probes/decode-insn.o
  AS      arch/arm64/lib/strrchr.o
  CC      drivers/battery_v2/sec_step_charging.o
  CC      block/blk-stat.o
  AR      arch/arm64/lib/lib.a
  AR      drivers/block/built-in.o
  EXPORTS arch/arm64/lib/lib-ksyms.o
  CC      crypto/ctr.o
  CC      drivers/base/init.o
  CC      drivers/base/map.o
  CC      net/bluetooth/mgmt.o
  AR      arch/arm64/lib/built-in.o
  CC      drivers/base/devres.o
  CC      mm/gup.o
  CC      techpack/audio/dsp/codecs/audio_multi_aac.o
  AR      security/built-in.o
  CC      mm/highmem.o
  AS      arch/arm64/kernel/probes/kprobes_trampoline.o
  CC      fs/namespace.o
  CC      sound/core/pcm_memory.o
  CC      net/bridge/br.o
  CC      arch/arm64/kernel/probes/simulate-insn.o
  CC      net/bridge/br_device.o
  CC      drivers/battery_v2/sec_cisd.o
  CC      techpack/audio/asoc/msm-dai-fe.o
  CC      kernel/async.o
  CC      crypto/gcm.o
  OBJCOPY arch/arm64/kernel/vdso/vdso.so
  CC      techpack/audio/asoc/codecs/wcd9xxx-irq.o
  AS      arch/arm64/kernel/vdso/vdso.o
  CC      arch/arm64/kernel/probes/uprobes.o
  CC      techpack/audio/dsp/codecs/audio_qcelp.o
  CC      block/blk-mq-sysfs.o
  AR      arch/arm64/kernel/vdso/built-in.o
  AR      sound/i2c/other/built-in.o
  AR      sound/i2c/built-in.o
  CC      drivers/bus/qcom-ebi2.o
  CC      net/bluetooth/hci_sock.o
  CC      drivers/base/attribute_container.o
  CC      drivers/battery_v2/sec_battery_misc.o
  CC      kernel/range.o
  CC      sound/core/memalloc.o
  AR      arch/arm64/kernel/probes/built-in.o
  AS      arch/arm64/kernel/head.o
  CC      kernel/smpboot.o
  CC      mm/memory.o
  CC      techpack/audio/dsp/codecs/audio_wma.o
  CC      crypto/aes_generic.o
  LDS     arch/arm64/kernel/vmlinux.lds
  CC      net/bridge/br_fdb.o
  CC      drivers/bus/mhi/controllers/mhi_qcom.o
  AR      arch/arm64/kernel/built-in.o
  CC      techpack/audio/dsp/audio_cal_utils.o
  CC      lib/lockref.o
  CC      techpack/audio/asoc/codecs/wcd9xxx-slimslave.o
  CC      drivers/base/transport_class.o
  CC      block/blk-mq-cpumap.o
  CC      sound/core/pcm_timer.o
  CC      techpack/audio/dsp/codecs/audio_wmapro.o
  CC      drivers/battery_v2/battery_notifier.o
  CC      drivers/bus/mhi/controllers/mhi_arch_qcom.o
  CC      lib/bcd.o
  CC      kernel/ucount.o
  CC      fs/seq_file.o
  CC      net/bluetooth/hci_sysfs.o
  CC      drivers/base/topology.o
  CC      crypto/authenc.o
  CC      lib/div64.o
  CC      sound/core/pcm_drm_eld.o
  CC      kernel/kmod.o
  CC      drivers/battery_v2/max77705_fuelgauge.o
  CC      net/bridge/br_forward.o
  CC      techpack/audio/dsp/codecs/evrc_in.o
  CC      block/blk-mq-sched.o
  CC      net/bluetooth/l2cap_core.o
  CC      net/bridge/br_if.o
  CC      lib/sort.o
  CC      techpack/audio/asoc/codecs/wcd9xxx-utils.o
  CC      drivers/base/container.o
  AR      drivers/bus/mhi/controllers/built-in.o
  CC      net/bridge/br_input.o
  CC      drivers/bus/mhi/core/mhi_init.o
  CC      lib/parser.o
  CC      fs/xattr.o
  CC      sound/core/pcm_iec958.o
  CC      drivers/base/property.o
  CC      techpack/audio/dsp/codecs/g711alaw_in.o
  CC      kernel/groups.o
  CC      crypto/authencesn.o
  CC      lib/debug_locks.o
  CC      block/ioctl.o
  CC      lib/random32.o
  CC      drivers/battery_v2/max77705_charger.o
  CC      techpack/audio/asoc/codecs/wcd9335-regmap.o
  CC      mm/mincore.o
  CC      techpack/audio/dsp/codecs/g711mlaw_in.o
  CC      sound/core/rawmidi.o
  CC      techpack/audio/asoc/msm-dai-q6-hdmi-v2.o
  CC      net/bridge/br_ioctl.o
  CC      drivers/ccic/ccic_notifier.o
  CC      crypto/rng.o
  CC      fs/libfs.o
  CC      lib/bust_spinlocks.o
  CC      mm/mlock.o
  CC      techpack/audio/dsp/codecs/qcelp_in.o
  CC      drivers/bus/mhi/core/mhi_main.o
  CC      lib/kasprintf.o
  CC      drivers/ccic/ccic_sysfs.o
  CC      techpack/audio/asoc/codecs/wcd9335-tables.o
  CC      drivers/base/cacheinfo.o
  CC      crypto/drbg.o
  CC      block/genhd.o
  CC      kernel/bpf/core.o
  CC      techpack/audio/asoc/codecs/msm-cdc-pinctrl.o
  CC      net/bridge/br_stp.o
  CC      drivers/battery_v2/mfc_charger.o
  CC      drivers/ccic/ccic_core.o
  AR      techpack/audio/dsp/codecs/native_dlkm.o
  CC      lib/bitmap.o
  AR      techpack/audio/dsp/codecs/built-in.o
  CC      techpack/audio/dsp/q6adm.o
  AR      sound/isa/ad1816a/built-in.o
  AR      sound/isa/ad1848/built-in.o
  AR      sound/isa/cs423x/built-in.o
  AR      sound/isa/es1688/built-in.o
  CC      sound/core/compress_offload.o
  AR      sound/isa/galaxy/built-in.o
  CC      drivers/base/dma-contiguous.o
  AR      sound/isa/gus/built-in.o
  AR      sound/isa/msnd/built-in.o
  AR      sound/isa/opti9xx/built-in.o
  AR      sound/isa/sb/built-in.o
  AR      sound/isa/wavefront/built-in.o
  CC      fs/fs-writeback.o
  CC      mm/mmap.o
  AR      sound/isa/wss/built-in.o
  AR      sound/isa/built-in.o
  CC      drivers/bus/mhi/devices/mhi_netdev.o
  CC      crypto/jitterentropy.o
  CC      drivers/ccic/ccic_misc.o
  CC      crypto/jitterentropy-kcapi.o
  CC      net/bridge/br_stp_bpdu.o
  CC      techpack/audio/asoc/codecs/msm-cdc-supply.o
  CC      drivers/base/power/sysfs.o
  CC      lib/scatterlist.o
  CC      drivers/bus/mhi/core/mhi_pm.o
  CC      net/bluetooth/l2cap_sock.o
  AR      sound/core/snd.o
  CC      block/partition-generic.o
  AR      sound/core/snd-hwdep.o
  AR      sound/core/snd-timer.o
  CC      crypto/tcrypt.o
  AR      sound/core/snd-pcm.o
  AR      sound/core/snd-rawmidi.o
  AR      sound/core/snd-compress.o
  AR      sound/core/built-in.o
  CC      net/bridge/br_stp_if.o
  AR      sound/mips/built-in.o
  AR      sound/parisc/built-in.o
  CC      drivers/ccic/s2mm005_fw.o
  CC      drivers/base/power/generic_ops.o
  AR      sound/pci/ac97/built-in.o
  CC      kernel/bpf/syscall.o
  CC      techpack/audio/asoc/codecs/wcd934x/wcd934x-regmap.o
  AR      sound/pci/ali5451/built-in.o
  AR      sound/pci/asihpi/built-in.o
  AR      sound/pci/au88x0/built-in.o
  CC      drivers/bus/mhi/devices/mhi_uci.o
  AR      sound/pci/aw2/built-in.o
  AR      sound/pci/ca0106/built-in.o
  AR      sound/pci/cs46xx/built-in.o
  CC      lib/gcd.o
  AR      sound/pci/cs5535audio/built-in.o
  AR      sound/pci/ctxfi/built-in.o
  AR      sound/pci/echoaudio/built-in.o
  CC      techpack/audio/dsp/q6afe.o
  AR      sound/pci/emu10k1/built-in.o
  AR      sound/pci/hda/built-in.o
  AR      sound/pci/ice1712/built-in.o
  AR      sound/pci/korg1212/built-in.o
  AR      sound/pci/lola/built-in.o
  AR      sound/pci/lx6464es/built-in.o
  AR      sound/pci/mixart/built-in.o
  AR      sound/pci/nm256/built-in.o
  CC      net/bridge/br_stp_timer.o
  CC      lib/lcm.o
  AR      sound/pci/oxygen/built-in.o
  CC      drivers/battery_v2/sec_pd.o
  AR      sound/pci/pcxhr/built-in.o
  AR      sound/pci/riptide/built-in.o
  AR      sound/pci/rme9652/built-in.o
  AR      sound/pci/trident/built-in.o
  AR      sound/pci/vx222/built-in.o
  CC      mm/mprotect.o
  CC      block/ioprio.o
  AR      sound/pci/ymfpci/built-in.o
  AR      sound/pci/built-in.o
  CC      drivers/ccic/s2mm005_cc.o
  AR      sound/pcmcia/pdaudiocf/built-in.o
  CC      lib/list_sort.o
  AR      sound/pcmcia/vx/built-in.o
  AR      drivers/battery_v2/built-in.o
  AR      drivers/bus/mhi/devices/built-in.o
  AR      sound/pcmcia/built-in.o
  AR      sound/ppc/built-in.o
  CC      techpack/audio/dsp/q6asm.o
  CC      drivers/base/regmap/regmap.o
  CC      techpack/audio/asoc/codecs/wcd934x/wcd934x-tables.o
  CC      drivers/bus/mhi/core/mhi_boot.o
  CC      drivers/base/power/common.o
  AR      sound/sh/built-in.o
  CC      crypto/ghash-generic.o
  CC      net/bluetooth/smp.o
  CC      sound/soc/soc-core.o
  CC      lib/uuid.o
  CC      techpack/audio/asoc/codecs/wcd9360/wcd9360-regmap.o
  CC      net/bridge/br_netlink.o
  CC      fs/pnode.o
  CC      mm/mremap.o
  CC      crypto/kbkdf.o
  CC      lib/flex_array.o
  CC      drivers/base/power/qos.o
  CC      block/badblocks.o
  CC      techpack/audio/asoc/codecs/wcd-clsh.o
  CC      drivers/ccic/s2mm005_pd.o
  CC      fs/splice.o
  CC      kernel/bpf/verifier.o
  CC      lib/iov_iter.o
  CC      drivers/bus/mhi/core/mhi_dtr.o
  CC      mm/msync.o
  CC      net/bridge/br_netlink_tunnel.o
  CC      drivers/ccic/s2mm005.o
  CC      kernel/bpf/inode.o
  CC      crypto/last_file.o
  CC      net/bluetooth/lib.o
  CC      techpack/audio/asoc/codecs/wcd9xxx-common-v2.o
  CC      crypto/fips_out.o
  CC      block/partitions/check.o
  CC      mm/page_vma_mapped.o
  CC      drivers/base/regmap/regcache.o
  CC      drivers/base/power/runtime.o
  CC      net/bridge/br_sysfs_if.o
  AR      drivers/bus/mhi/core/built-in.o
  AR      drivers/bus/mhi/built-in.o
  AR      drivers/bus/built-in.o
  CC      techpack/audio/asoc/codecs/wcd9xxx-resmgr-v2.o
  CC      drivers/ccic/ccic_alternate.o
  CC      crypto/crypto_wq.o
  CC      mm/pagewalk.o
  CC      block/partitions/msdos.o
  CC      fs/sync.o
  CC      net/bluetooth/ecdh_helper.o
  CC      block/partitions/efi.o
  CC      sound/soc/soc-dapm.o
  CC      net/bridge/br_sysfs_br.o
  CC      lib/clz_ctz.o
  CC      kernel/cgroup/cgroup.o
  CC      mm/pgtable-generic.o
  CC      lib/bsearch.o
  CC      drivers/base/regmap/regcache-rbtree.o
  CC      techpack/audio/dsp/q6audio-v2.o
  CC      drivers/ccic/max77705_cc.o
  CC      net/bluetooth/hci_request.o
  CC      techpack/audio/asoc/codecs/wcdcal-hwdep.o
  CC      crypto/akcipher.o
  CC      drivers/base/power/wakeirq.o
  AR      virt/lib/built-in.o
  AR      virt/built-in.o
  CC      kernel/bpf/helpers.o
  AR      block/partitions/built-in.o
  CC      block/bounce.o
  CC      mm/rmap.o
  CC      fs/utimes.o
  CC      drivers/base/regmap/regcache-flat.o
  CC      net/bridge/br_multicast.o
  CC      lib/find_bit.o
  CC      drivers/ccic/max77705_pd.o
  CC      techpack/audio/dsp/q6voice.o
  CC      lib/llist.o
  CC      drivers/base/power/main.o
  CC      techpack/audio/asoc/codecs/wcd9xxx-soc-init.o
  CC      block/scsi_ioctl.o
  CC      kernel/bpf/tnum.o
  AR      sound/sparc/built-in.o
  CC      fs/stack.o
  CC      crypto/kpp.o
  CC      drivers/base/regmap/regmap-debugfs.o
  CC      techpack/audio/asoc/msm-dai-q6-v2.o
  CC      lib/memweight.o
  CC      kernel/bpf/hashtab.o
  CC      drivers/ccic/max77705_usbc.o
  CC      techpack/audio/asoc/codecs/wcd-dsp-utils.o
  CC      mm/vmalloc.o
  CC      lib/kfifo.o
  CC      net/bluetooth/mgmt_util.o
  CC      fs/fs_struct.o
  CC      drivers/base/regmap/regmap-i2c.o
  ASN.1   crypto/rsapubkey-asn1.c
  ASN.1   crypto/rsaprivkey-asn1.c
  CC      crypto/rsa.o
  CC      block/bsg.o
  CC      sound/soc/soc-jack.o
  CC      techpack/audio/asoc/codecs/wcd-dsp-mgr.o
  CC      net/bluetooth/sco.o
  CC      fs/statfs.o
  CC      kernel/bpf/arraymap.o
  CC      lib/percpu-refcount.o
  CC      drivers/base/regmap/regmap-spi.o
  CC      crypto/rsa_helper.o
  CC      drivers/base/power/wakeup.o
  AR      drivers/base/test/built-in.o
  CC      net/bluetooth/a2mp.o
  CC      net/bridge/br_mdb.o
  CC      drivers/ccic/max77705_alternate.o
  CC      crypto/rsa-pkcs1pad.o
  CC      lib/percpu_ida.o
  CC      kernel/cgroup/namespace.o
  CC      techpack/audio/asoc/codecs/audio-ext-clk-up.o
  CC      kernel/bpf/percpu_freelist.o
  CC      mm/process_vm_access.o
  CC      block/blk-cgroup.o
  CC      sound/soc/soc-cache.o
  CC      drivers/base/regmap/regmap-spmi.o
  CC      kernel/bpf/bpf_lru_list.o
  CC      fs/fs_pin.o
  CC      techpack/audio/asoc/codecs/msm_stub.o
  CC      net/bluetooth/amp.o
  CC      crypto/acompress.o
  CC      net/bridge/br_switchdev.o
  CC      techpack/audio/dsp/q6core.o
  CC      kernel/bpf/lpm_trie.o
  CC      kernel/events/core.o
  AR      drivers/ccic/built-in.o
  CC      sound/soc/soc-utils.o
  CC      crypto/scompress.o
  CC      mm/showmem.o
  CC      fs/nsfs.o
  CC      lib/rhashtable.o
  CC      kernel/cgroup/cgroup-v1.o
  CC      drivers/base/power/wakeup_stats.o
  CC      drivers/base/regmap/regmap-mmio.o
  CC      techpack/audio/asoc/codecs/wcd-spi.o
  CC      mm/showmem_extra.o
  CC      fs/buffer.o
  CC      net/bridge/netfilter/ebtables.o
  CC      net/bluetooth/hci_debugfs.o
  CC      drivers/base/power/opp/core.o
  CC      block/noop-iosched.o
  CC      kernel/bpf/map_in_map.o
  CC      sound/soc/soc-pcm.o
  CC      net/bridge/netfilter/ebtable_broute.o
  CC      mm/mm_debug.o
  CC      crypto/cmac.o
  CC      techpack/audio/asoc/codecs/wcd-mbhc-v2.o
  CC      drivers/base/regmap/regmap-irq.o
  CC      techpack/audio/dsp/q6common.o
  CC      kernel/bpf/devmap.o
  CC      block/deadline-iosched.o
  CC      kernel/cgroup/freezer.o
  CC      mm/vmpressure.o
  CC      sound/soc/soc-io.o
  CC      crypto/crypto_null.o
  CC      lib/reciprocal_div.o
  AR      net/bluetooth/bluetooth.o
  CC      techpack/audio/dsp/rtac.o
  AR      net/bluetooth/built-in.o
  CC      sound/soc/soc-devres.o
  CC      kernel/cgroup/cpuset.o
  CC      block/cfq-iosched.o
  CC      kernel/bpf/stackmap.o
  CC      mm/init-mm.o
  CC      lib/once.o
  CC      drivers/base/power/opp/cpu.o
  AR      drivers/base/regmap/built-in.o
  CC      kernel/bpf/cgroup.o
  CC      mm/nobootmem.o
  CC      techpack/audio/asoc/codecs/wcd-mbhc-adc.o
  CC      crypto/md5.o
  CC      lib/refcount.o
  CC      techpack/audio/asoc/codecs/msm_hdmi_codec_rx.o
  CC      drivers/base/power/domain.o
  CC      kernel/irq/irqdesc.o
  CC      sound/soc/soc-ops.o
  CC      techpack/audio/dsp/q6lsm.o
  CC      drivers/base/power/opp/of.o
  CC      fs/block_dev.o
  AR      net/bridge/netfilter/built-in.o
  AR      net/bridge/bridge.o
  CC      lib/usercopy.o
  AR      net/bridge/built-in.o
  CC      net/core/sock.o
  CC      mm/fadvise.o
  CC      net/ethernet/eth.o
  CC      lib/errseq.o
  CC      crypto/gf128mul.o
  AR      kernel/cgroup/built-in.o
  CC      crypto/cts.o
  AR      kernel/bpf/built-in.o
  CC      mm/madvise.o
  CC      lib/string_helpers.o
  CC      kernel/irq/handle.o
  AR      techpack/audio/asoc/codecs/wcd_core_dlkm.o
  CC      sound/soc/soc-compress.o
  AR      techpack/audio/asoc/codecs/wcd9xxx_dlkm.o
  CC      block/mq-deadline.o
  CC      drivers/base/power/opp/debugfs.o
  AR      techpack/audio/asoc/codecs/stub_dlkm.o
  CC      kernel/events/ring_buffer.o
  AR      techpack/audio/asoc/codecs/wcd_spi_dlkm.o
  AR      techpack/audio/asoc/codecs/mbhc_dlkm.o
  AR      techpack/audio/asoc/codecs/hdmi_dlkm.o
  CC      block/kyber-iosched.o
  AR      techpack/audio/asoc/codecs/built-in.o
  CC      drivers/base/dma-mapping.o
  CC      block/compat_ioctl.o
  CC      techpack/audio/asoc/msm-dai-slim.o
  CC      techpack/audio/dsp/audio_slimslave.o
  CC      fs/direct-io.o
  CC      crypto/xts.o
  AR      drivers/base/power/opp/built-in.o
  CC      drivers/base/power/domain_governor.o
  CC      mm/memblock.o
  CC      lib/hexdump.o
  CC      techpack/audio/asoc/msm-dai-stub-v2.o
  AR      net/ethernet/built-in.o
  CC      kernel/irq/manage.o
  CC      techpack/audio/dsp/adsp_err.o
  AR      sound/soc/adi/built-in.o
  CC      mm/page_io.o
  AR      sound/soc/amd/built-in.o
  AR      sound/soc/atmel/built-in.o
  AR      sound/soc/au1x/built-in.o
  CC      kernel/irq/spurious.o
  AR      sound/soc/bcm/built-in.o
  CC      lib/kstrtox.o
  AR      sound/soc/blackfin/built-in.o
  CC      kernel/irq/resend.o
  AR      sound/soc/cirrus/built-in.o
  CC      drivers/base/power/clock_ops.o
  CC      kernel/events/callchain.o
  CC      sound/soc/codecs/cs35l41.o
  CC      block/blk-mq-pci.o
  CC      techpack/audio/asoc/msm-lsm-client.o
  AR      sound/soc/davinci/built-in.o
  CC      techpack/audio/dsp/msm_audio_ion.o
  CC      drivers/base/dma-coherent.o
  CC      block/blk-mq-debugfs.o
  CC      kernel/events/hw_breakpoint.o
  AR      kernel/livepatch/built-in.o
  CC      crypto/cryptd.o
  CC      sound/soc/codecs/hdmi-codec.o
  CC      mm/swap_state.o
  CC      lib/pci_iomap.o
  CC      lib/iomap_copy.o
  CC      net/core/request_sock.o
  AR      drivers/base/power/built-in.o
  CC      sound/soc/codecs/wm_adsp.o
  CC      lib/devres.o
  CC      kernel/irq/chip.o
  CC      techpack/audio/dsp/avtimer.o
  CC      drivers/base/dma-removed.o
  CC      kernel/irq/dummychip.o
  CC      mm/swapfile.o
  CC      crypto/des_generic.o
  CC      net/core/skbuff.o
  CC      net/core/datagram.o
  CC      kernel/events/uprobes.o
  CC      fs/mpage.o
  CC      block/keyslot-manager.o
  CC      techpack/audio/asoc/msm-pcm-afe-v2.o
  DTC     arch/arm64/boot/dts/samsung/beyond/../../qcom/sm8150.dtb
  DTC     arch/arm64/boot/dts/samsung/beyond/../../qcom/sm8150-v2.dtb
  CC      lib/hweight.o
  CC      techpack/audio/asoc/msm-pcm-dtmf-v2.o
  CC      drivers/base/firmware_class.o
  CC      kernel/irq/devres.o
  CC      lib/assoc_array.o
  CC      lib/bitrev.o
  CC      techpack/audio/dsp/q6_init.o
  CC      crypto/twofish_generic.o
  AR      sound/spi/built-in.o
  AR      sound/soc/codecs/snd-soc-hdmi-codec.o
  CC      mm/swap_ratio.o
  CC      mm/dmapool.o
  CC      block/bio-crypt-ctx.o
  CC      techpack/audio/dsp/q6audio_adaptation.o
  CC      fs/proc_namespace.o
  CC      techpack/audio/asoc/msm-pcm-hostless.o
  DTC     arch/arm64/boot/dts/samsung/beyond/sm8150-sec-beyond1qlte-overlay-r07.dtbo
  CC      crypto/twofish_common.o
  AR      kernel/events/built-in.o
  CC      fs/dlog_hook.o
  CC      lib/rational.o
  CC      kernel/irq/autoprobe.o
  CC      kernel/locking/mutex.o
  CC      net/ipv4/route.o
  CC      lib/crc-ccitt.o
  DTC     arch/arm64/boot/dts/samsung/beyond/sm8150-sec-beyond1qlte-overlay-r08.dtbo
  CC      drivers/base/module.o
  CC      net/ipv4/inetpeer.o
  CC      net/ipv4/protocol.o
  CC      mm/sparse.o
  CC      techpack/audio/asoc/msm-pcm-host-voice-v2.o
  AR      sound/soc/codecs/snd-soc-cs35l41.o
  AR      sound/soc/codecs/snd-soc-wm-adsp.o
  AR      sound/soc/codecs/built-in.o
  CC      block/blk-crypto.o
  AR      sound/soc/dwc/built-in.o
  AR      sound/soc/fsl/built-in.o
  AR      sound/soc/generic/built-in.o
  CC      fs/configfs/inode.o
  AR      sound/soc/hisilicon/built-in.o
  AR      sound/soc/img/built-in.o
  AR      sound/soc/intel/boards/built-in.o
  AR      sound/soc/intel/built-in.o
  AR      sound/soc/jz4740/built-in.o
  DTC     arch/arm64/boot/dts/samsung/beyond/sm8150-sec-beyond1qlte-overlay-r09.dtbo
  AR      sound/soc/kirkwood/built-in.o
  CC      crypto/arc4.o
  AR      sound/soc/mediatek/built-in.o
  CC      drivers/base/soc.o
  AR      sound/soc/mxs/built-in.o
  CC      techpack/audio/dsp/usf.o
  CC      lib/crc16.o
  AR      sound/soc/nuc900/built-in.o
  AR      sound/soc/omap/built-in.o
  CC      kernel/irq/irqdomain.o
  AR      sound/soc/pxa/built-in.o
  AR      sound/soc/qcom/built-in.o
  AR      sound/soc/rockchip/built-in.o
  CC      sound/soc/samsung/sec_audio_sysfs.o
  CC      kernel/locking/semaphore.o
  CC      fs/configfs/file.o
  DTC     arch/arm64/boot/dts/samsung/beyond/sm8150-sec-beyond1qlte-overlay-r11.dtbo
  CC      mm/sparse-vmemmap.o
  CC      crypto/deflate.o
  CC      techpack/audio/asoc/msm-pcm-loopback-v2.o
  AR      block/built-in.o
  AR      sound/soc/sh/built-in.o
  CC      drivers/base/pinctrl.o
  HOSTCC  lib/gen_crc32table
  CC      crypto/crc32c_generic.o
  CC      crypto/crc32_generic.o
  CC      fs/configfs/dir.o
  CC      lib/libcrc32c.o
  DTC     arch/arm64/boot/dts/samsung/beyond/sm8150-sec-beyond1qlte-overlay-r12.dtbo
  CC      net/core/stream.o
  CC      fs/crypto/crypto.o
  CC      mm/slub.o
  AR      sound/soc/samsung/built-in.o
  DTC     arch/arm64/boot/dts/samsung/beyond/sm8150-sec-beyond1qlte-overlay-r13.dtbo
  AR      sound/soc/sirf/built-in.o
  CC      drivers/base/devcoredump.o
  AR      sound/soc/spear/built-in.o
  CC      kernel/locking/rwsem.o
  AR      sound/soc/sti/built-in.o
  AR      sound/soc/stm/built-in.o
  CC      techpack/audio/dsp/usfcdev.o
  AR      sound/soc/sunxi/built-in.o
  AR      sound/soc/tegra/built-in.o
  CC      mm/migrate.o
  AR      sound/soc/txx9/built-in.o
  CC      kernel/irq/proc.o
  CC      techpack/audio/asoc/msm-pcm-q6-noirq.o
  AR      sound/soc/ux500/built-in.o
  AR      sound/soc/xtensa/built-in.o
  CC      crypto/lzo.o
  AR      sound/soc/zte/built-in.o
  CC      techpack/audio/asoc/msm-pcm-q6-v2.o
  AR      sound/soc/snd-soc-core.o
  AR      sound/soc/built-in.o
  AR      sound/synth/built-in.o
  CC      lib/crc8.o
  DTC     arch/arm64/boot/dts/samsung/beyond/sm8150-sec-beyond1qlte-overlay-r14.dtbo
  CC      sound/usb/card.o
  CC      net/ipv4/ip_input.o
  CC      kernel/locking/percpu-rwsem.o
  CC      crypto/lz4.o
  CC      techpack/audio/dsp/q6usm.o
  CC      kernel/irq/cpuhotplug.o
  DTC     arch/arm64/boot/dts/samsung/beyond/sm8150-sec-beyond1qlte-overlay-r16.dtbo
  CC      fs/crypto/fname.o
  CC      drivers/base/platform-msi.o
  CC      fs/configfs/symlink.o
  CC      lib/genalloc.o
  CC      net/core/scm.o
  CC      lib/lz4/lz4_compress.o
  CC      crypto/ecc.o
  CC      kernel/locking/spinlock.o
  CC      sound/usb/clock.o
  DTC     arch/arm64/boot/dts/samsung/beyond/sm8150-sec-beyond1qlte-overlay-r17.dtbo
  CC      kernel/irq/pm.o
  CC      fs/configfs/mount.o
  CC      net/ipv4/ip_fragment.o
  CC      techpack/audio/asoc/msm-pcm-routing-v2.o
  CC      techpack/audio/dsp/adsp-loader.o
  CC      fs/crypto/hkdf.o
  CC      drivers/base/arch_topology.o
  CC      kernel/locking/osq_lock.o
  CC      techpack/audio/asoc/msm-pcm-voice-v2.o
  CC      sound/usb/endpoint.o
  CC      fs/configfs/item.o
  CC      kernel/irq/msi.o
  CC      lib/lz4/lz4_decompress.o
  CC      kernel/locking/rtmutex.o
  CC      crypto/ecdh.o
  AR      drivers/cdrom/built-in.o
  CC      crypto/ecdh_helper.o
  CC      fs/crypto/hooks.o
  CC      mm/page_counter.o
  CC      net/core/gen_stats.o
  AR      drivers/base/built-in.o
  CC      kernel/irq/affinity.o
  AR      fs/configfs/configfs.o
  CC      drivers/char/mem.o
  AR      fs/configfs/built-in.o
  CC      drivers/char/random.o
  CC      sound/usb/format.o
  CC      techpack/audio/dsp/audio_pdr.o
  CC      crypto/asymmetric_keys/asymmetric_type.o
  CC      mm/memcontrol.o
  CC      crypto/asymmetric_keys/restrict.o
  CC      fs/crypto/keyring.o
  CC      drivers/char/misc.o
  CC      net/ipv4/ip_forward.o
  AR      kernel/irq/built-in.o
  AR      sound/x86/built-in.o
  CC      techpack/audio/asoc/msm-pcm-voip-v2.o
  CC      crypto/asymmetric_keys/signature.o
  CC      techpack/audio/asoc/msm-transcode-loopback-q6-v2.o
  AR      drivers/char/ipmi/built-in.o
  CC      kernel/locking/rwsem-xadd.o
  CC      techpack/audio/asoc/platform_init.o
  CC      techpack/audio/dsp/audio_notifier.o
  CC      sound/usb/helper.o
  AR      lib/lz4/built-in.o
  CC      lib/lzo/lzo1x_compress.o
  CC      net/core/gen_estimator.o
  CC      lib/mpi/generic_mpih-lshift.o
  CC      lib/reed_solomon/reed_solomon.o
  CC      fs/crypto/keysetup.o
  AR      drivers/char/agp/built-in.o
  CC      crypto/hash_info.o
  CC      sound/usb/mixer.o
  CC      net/ipv4/ip_options.o
  CC      crypto/asymmetric_keys/public_key.o
  CC      techpack/audio/dsp/audio_ssr.o
  CC      net/ipv4/ip_output.o
  CC      net/ipv4/ip_sockglue.o
  CC      lib/lzo/lzo1x_decompress_safe.o
  ASN.1   crypto/asymmetric_keys/x509-asn1.c
  CC      lib/mpi/generic_mpih-mul1.o
  CC      net/ipv4/inet_hashtables.o
  CC      kernel/locking/qrwlock.o
  CC      lib/mpi/generic_mpih-mul2.o
  AR      lib/reed_solomon/built-in.o
  CC      sound/usb/mixer_quirks.o
  AR      kernel/locking/built-in.o
  AR      techpack/audio/dsp/q6_dlkm.o
  CC      techpack/audio/asoc/msm-pcm-routing-devdep.o
  CC      drivers/char/diag/diagchar_core.o
  CC      kernel/power/qos.o
  CC      net/core/net_namespace.o
  AR      lib/lzo/lzo_compress.o
  AR      techpack/audio/dsp/usf_dlkm.o
  AR      lib/lzo/lzo_decompress.o
  ASN.1   crypto/asymmetric_keys/x509_akid-asn1.c
  CC      fs/crypto/keysetup_v1.o
  AR      lib/lzo/built-in.o
  CC      crypto/asymmetric_keys/x509_public_key.o
  CC      fs/crypto/policy.o
  AR      techpack/audio/dsp/adsp_loader_dlkm.o
  AR      techpack/audio/dsp/q6_pdr_dlkm.o
  AR      techpack/audio/dsp/q6_notifier_dlkm.o
  AR      techpack/audio/dsp/built-in.o
  CC      lib/mpi/generic_mpih-mul3.o
  CC      drivers/char/diag/diagchar_hdlc.o
  CC      drivers/char/diag/diagfwd.o
  CC      kernel/power/main.o
  CC      techpack/audio/asoc/msm-qti-pp-config.o
  ASN.1   crypto/asymmetric_keys/pkcs7-asn1.c
  CC      crypto/asymmetric_keys/pkcs7_trust.o
  CC      lib/mpi/generic_mpih-rshift.o
  CC      sound/usb/mixer_scarlett.o
  CC      sound/usb/mixer_us16x08.o
  CC      fs/debugfs/inode.o
  CC      net/core/secure_seq.o
  CC      fs/debugfs/file.o
  CC      fs/crypto/bio.o
  CC      crypto/asymmetric_keys/pkcs7_verify.o
  CC      mm/swap_cgroup.o
  CC      lib/mpi/generic_mpih-sub1.o
  CC      kernel/power/process.o
  CC      net/ipv4/inet_timewait_sock.o
  CC      kernel/printk/printk.o
  CC      net/core/flow_dissector.o
  CC      fs/crypto/fscrypt_ddar.o
  CC      lib/mpi/generic_mpih-add1.o
  CC      sound/usb/pcm.o
  CC      techpack/audio/asoc/sa8155.o
  CC      mm/page_owner.o
  AR      crypto/asymmetric_keys/asymmetric_keys.o
  CC      crypto/asymmetric_keys/x509-asn1.o
  CC      lib/mpi/mpicoder.o
  CC      drivers/char/hw_random/core.o
  CC      kernel/power/suspend.o
  CC      drivers/char/hw_random/msm_rng.o
  CC      net/ipv6/af_inet6.o
  AR      fs/debugfs/debugfs.o
  CC      crypto/asymmetric_keys/x509_akid-asn1.o
  AR      fs/debugfs/built-in.o
  CC      drivers/char/diag/diagfwd_peripheral.o
  CC      sound/last.o
  CC      fs/crypto/sdp/sdp_cache.o
  CC      crypto/asymmetric_keys/x509_cert_parser.o
  CC      net/ipv4/inet_connection_sock.o
  CC      mm/cleancache.o
  CC      sound/usb/proc.o
  CC      kernel/rcu/update.o
  CC      drivers/char/diag/diagfwd_socket.o
  CC      techpack/audio/asoc/sm8150.o
  CC      lib/mpi/mpi-bit.o
  CC      crypto/asymmetric_keys/pkcs7-asn1.o
  CC      kernel/rcu/sync.o
  CC      drivers/char/hw_random/cavium-rng.o
  CC      fs/crypto/sdp/sdp_dek.o
  CC      crypto/asymmetric_keys/pkcs7_parser.o
  CC      net/core/sysctl_net_core.o
  CC      sound/usb/quirks.o
  CC      kernel/printk/printk_safe.o
  CC      kernel/power/wakelock.o
  CC      kernel/power/poweroff.o
  CC      mm/rbinregion.o
  CC      drivers/char/hw_random/cavium-rng-vf.o
  CC      net/ipv4/tcp.o
  CC      net/ipv6/anycast.o
  AR      kernel/printk/built-in.o
  CC      drivers/char/diag/diagfwd_rpmsg.o
  AR      sound/soundcore.o
  CC      drivers/char/adsprpc.o
  CC      techpack/audio/asoc/machine_815x_init.o
  CC      kernel/rcu/srcutree.o
  CC      lib/mpi/mpi-cmp.o
  AR      crypto/asymmetric_keys/x509_key_parser.o
  AR      crypto/asymmetric_keys/pkcs7_message.o
  AR      crypto/asymmetric_keys/built-in.o
  CC      crypto/simd.o
  CC      mm/rbincache.o
  CC      kernel/power/wakeup_reason.o
  CC      sound/usb/stream.o
  AR      drivers/char/hw_random/rng-core.o
  AR      drivers/char/hw_random/built-in.o
  CC      mm/page_isolation.o
  CC      lib/zlib_deflate/deflate.o
  CC      net/core/dev.o
  CC      fs/crypto/sdp/sdp_ioctl.o
  CC      mm/zsmalloc.o
  CC      techpack/audio/asoc/sec_wcd_sysfs_cb.o
  CC      drivers/char/diag/diag_mux.o
  CC      net/ipv6/ip6_output.o
  AR      kernel/power/built-in.o
  CC      drivers/char/diag/diag_memorydevice.o
  CC      lib/mpi/mpih-cmp.o
  CC      sound/usb/badd.o
  CC      lib/zlib_deflate/deftree.o
  CC      kernel/rcu/tree.o
  CC      drivers/char/adsprpc_compat.o
  CC      fs/crypto/sdp/sdp_name.o
  AR      crypto/crypto.o
  AR      crypto/crypto_algapi.o
  CC      kernel/sched/core.o
  AR      crypto/crypto_blkcipher.o
  AR      crypto/crypto_hash.o
  AR      crypto/cryptomgr.o
  AR      crypto/jitterentropy_rng.o
  CC      crypto/rsapubkey-asn1.o
  CC      drivers/clk/clk-devres.o
  CC      sound/usb/midi.o
  CC      crypto/rsaprivkey-asn1.o
  CC      lib/mpi/mpih-div.o
  CC      lib/zlib_deflate/deflate_syms.o
  AR      crypto/crypto_acompress.o
  AR      crypto/ecdh_generic.o
  AR      techpack/audio/asoc/platform_dlkm.o
  AR      crypto/crypto_simd.o
  AR      crypto/rsa_generic.o
  AR      crypto/built-in.o
  CC      drivers/char/diag/diag_usb.o
  CC      drivers/clk/clk-bulk.o
  AR      techpack/audio/asoc/machine_dlkm.o
  AR      techpack/audio/asoc/built-in.o
  AR      techpack/audio/built-in.o
  AR      techpack/built-in.o
  CC      drivers/clocksource/timer-of.o
  CC      lib/mpi/mpih-mul.o
  CC      fs/devpts/inode.o
  CC      fs/crypto/sdp/sdp_xattr.o
  CC      fs/crypto/sdp/sdp_crypto.o
  CC      mm/early_ioremap.o
  AR      lib/zlib_deflate/zlib_deflate.o
  AR      lib/zlib_deflate/built-in.o
  CC      drivers/cpufreq/cpufreq.o
  CC      drivers/char/diag/diagmem.o
  CC      drivers/clocksource/timer-probe.o
  CC      net/ipv4/tcp_input.o
  CC      drivers/clk/clkdev.o
  CC      drivers/cpufreq/freq_table.o
  AR      fs/devpts/devpts.o
  CC      kernel/sched/loadavg.o
  AR      fs/devpts/built-in.o
  CC      drivers/clk/clk.o
  CC      lib/mpi/mpi-pow.o
  CC      mm/cma.o
  CC      fs/crypto/inline_crypt.o
  CC      drivers/char/diag/diagfwd_cntl.o
  AR      sound/usb/6fire/built-in.o
  AR      sound/usb/bcd2000/built-in.o
  AR      sound/usb/caiaq/built-in.o
  AR      sound/usb/hiface/built-in.o
  AR      sound/usb/misc/built-in.o
  CC      drivers/clocksource/arm_arch_timer.o
  AR      sound/usb/usx2y/built-in.o
  CC      sound/usb/usb_audio_qmi_v01.o
  CC      net/ipv6/ip6_input.o
  CC      sound/usb/usb_audio_qmi_svc.o
  CC      lib/mpi/mpiutil.o
  CC      mm/page_ext.o
  CC      net/key/af_key.o
  CC      net/ipv4/tcp_output.o
  CC      fs/crypto/crypto_sec.o
  CC      drivers/char/diag/diag_dci.o
  CC      drivers/cpuidle/cpuidle.o
  CC      kernel/rcu/rcu_segcblist.o
  CC      mm/frame_vector.o
  CC      drivers/cpufreq/cpufreq_stats.o
  CC      drivers/clocksource/dummy_timer.o
  AR      lib/mpi/mpi.o
  AR      lib/mpi/built-in.o
  AR      sound/usb/snd-usb-audio.o
  AR      sound/usb/snd-usbmidi-lib.o
  AR      sound/usb/built-in.o
  CC      lib/zlib_inflate/inffast.o
  AR      sound/built-in.o
  CC      net/ipv6/addrconf.o
  AR      fs/crypto/fscrypto.o
  AR      fs/crypto/built-in.o
  AR      kernel/rcu/built-in.o
  CC      lib/zlib_inflate/inflate.o
  CC      fs/ecryptfs/dentry.o
  CC      drivers/cpuidle/driver.o
  CC      net/ipv6/addrlabel.o
  CC      drivers/cpufreq/cpufreq_times.o
  AR      drivers/clocksource/built-in.o
  CC      fs/ecryptfs/file.o
  CC      mm/usercopy.o
  CC      drivers/clk/clk-divider.o
  CC      net/core/ethtool.o
  AR      net/key/built-in.o
  CC      drivers/char/diag/diag_masks.o
  CC      mm/process_reclaim.o
  CC      lib/zlib_inflate/infutil.o
  CC      drivers/crypto/msm/qce50.o
  CC      fs/ecryptfs/inode.o
  CC      fs/ecryptfs/main.o
  CC      drivers/cpufreq/cpufreq_limit.o
  CC      drivers/cpuidle/governor.o
  CC      lib/zlib_inflate/inftrees.o
  CC      drivers/cpuidle/sysfs.o
  CC      lib/zlib_inflate/inflate_syms.o
  CC      kernel/time/time.o
  CC      drivers/char/fastcvpd.o
  CC      mm/io_record.o
  CC      drivers/clk/clk-fixed-factor.o
  CC      fs/ecryptfs/super.o
  CC      drivers/cpufreq/cpufreq_performance.o
  CC      kernel/trace/trace_clock.o
  CC      drivers/char/diag/diag_debugfs.o
  CC      drivers/cpuidle/governors/menu.o
  AR      lib/zlib_inflate/zlib_inflate.o
  AR      lib/zlib_inflate/built-in.o
  CC      lib/textsearch.o
  CC      drivers/dax/super.o
  CC      net/ipv4/tcp_timer.o
  CC      kernel/sched/clock.o
  CC      drivers/cpufreq/cpufreq_powersave.o
  CC      drivers/cpufreq/cpufreq_userspace.o
  AR      mm/built-in.o
  CC      drivers/crypto/msm/qcedev_smmu.o
  CC      fs/ecryptfs/mmap.o
  CC      kernel/time/timer.o
  CC      drivers/clk/clk-fixed-rate.o
  CC      kernel/trace/ring_buffer.o
  AR      drivers/cpuidle/governors/built-in.o
  CC      drivers/cpuidle/dt_idle_states.o
  CC      kernel/time/hrtimer.o
  CC      drivers/cpufreq/cpufreq_ondemand.o
  CC      lib/ts_kmp.o
  CC      drivers/char/diag/diag_pcie.o
  CC      kernel/sched/cputime.o
  CC      net/core/dev_addr_lists.o
  CC      drivers/char/diag/diagfwd_bridge.o
  CC      lib/ts_bm.o
  CC      fs/ecryptfs/read_write.o
  AR      drivers/dax/dax.o
  AR      drivers/dax/built-in.o
  AR      fs/exofs/built-in.o
  CC      kernel/freezer.o
  CC      net/ipv6/route.o
  CC      drivers/clk/clk-gate.o
  CC      drivers/cpuidle/cpuidle-arm.o
  CC      net/l2tp/l2tp_core.o
  CC      drivers/char/diag/diagfwd_mhi.o
  CC      lib/ts_fsm.o
  CC      net/ipv4/tcp_ipv4.o
  CC      fs/ecryptfs/crypto.o
  CC      drivers/cpufreq/cpufreq_conservative.o
  CC      drivers/cpuidle/lpm-levels.o
  CC      kernel/sched/idle_task.o
  CC      net/ipv4/tcp_minisocks.o
  CC      drivers/clk/clk-multiplier.o
  CC      net/core/dst.o
  CC      lib/percpu_counter.o
  CC      net/ipv4/tcp_cong.o
  CC      drivers/cpufreq/cpufreq_governor.o
  CC      kernel/time/timekeeping.o
  CC      kernel/trace/trace.o
  AR      drivers/char/diag/diagchar.o
  AR      drivers/char/diag/built-in.o
  CC      drivers/char/okl4_pipe.o
  CC      drivers/crypto/msm/qcedev.o
  CC      kernel/sched/fair.o
  CC      drivers/clk/clk-mux.o
  CC      fs/ecryptfs/keystore.o
  CC      lib/audit.o
  CC      drivers/cpufreq/cpufreq_governor_attr_set.o
  CC      drivers/char/vservices_serial.o
  CC      net/l2tp/l2tp_ppp.o
  CC      lib/compat_audit.o
  CC      net/core/netevent.o
  CC      drivers/clk/clk-composite.o
  AR      drivers/cpufreq/built-in.o
  CC      lib/swiotlb.o
  CC      net/core/neighbour.o
  CC      fs/exportfs/expfs.o
  CC      drivers/devfreq/devfreq.o
  CC      kernel/time/ntp.o
  CC      net/ipv4/tcp_metrics.o
  CC      drivers/clk/clk-fractional-divider.o
  CC      net/ipv6/ip6_fib.o
  CC      drivers/cpuidle/lpm-levels-of.o
  CC      drivers/char/vs_serial_client.o
  CC      fs/ecryptfs/kthread.o
  CC      kernel/time/clocksource.o
  CC      net/l2tp/l2tp_ip.o
  AR      fs/exportfs/exportfs.o
  AR      fs/exportfs/built-in.o
  CC      net/ipv4/tcp_fastopen.o
  CC      fs/ecryptfs/debug.o
  CC      drivers/char/vs_serial_server.o
  CC      drivers/devfreq/governor_simpleondemand.o
  CC      drivers/char/mst_ctrl.o
  CC      drivers/clk/clk-gpio.o
  AR      drivers/cpuidle/built-in.o
  CC      lib/iommu-helper.o
  CC      lib/iommu-common.o
  CC      fs/ext4/balloc.o
  CC      drivers/devfreq/governor_performance.o
  CC      fs/ecryptfs/messaging.o
  CC      drivers/crypto/msm/qcrypto.o
  CC      kernel/time/jiffies.o
  CC      fs/ext4/bitmap.o
  AR      drivers/char/built-in.o
  CC      kernel/trace/trace_output.o
  CC      net/l2tp/l2tp_netlink.o
  CC      drivers/devfreq/governor_powersave.o
  CC      drivers/clk/clk-conf.o
  CC      net/ipv6/ipv6_sockglue.o
  CC      lib/syscall.o
  CC      lib/nlattr.o
  CC      net/core/rtnetlink.o
  CC      fs/ecryptfs/miscdev.o
  CC      kernel/time/timer_list.o
  CC      net/ipv4/tcp_rate.o
  CC      drivers/devfreq/governor_userspace.o
  CC      kernel/profile.o
  CC      fs/ext4/block_validity.o
  CC      net/llc/llc_core.o
  CC      net/llc/llc_input.o
  CC      kernel/time/timeconv.o
  CC      drivers/devfreq/governor_passive.o
  CC      drivers/clk/clk-xgene.o
  AR      fs/ecryptfs/ecryptfs.o
  AR      fs/ecryptfs/built-in.o
  CC      net/llc/llc_output.o
  CC      kernel/trace/trace_seq.o
  CC      net/l2tp/l2tp_eth.o
  CC      lib/checksum.o
  CC      fs/ext4/dir.o
  CC      drivers/devfreq/governor_msm_adreno_tz.o
  CC      kernel/time/timecounter.o
  AR      drivers/clk/bcm/built-in.o
  AR      drivers/clk/imgtec/built-in.o
  AR      drivers/clk/msm/built-in.o
  AR      drivers/clk/mvebu/built-in.o
  CC      kernel/sched/rt.o
  CC      net/ipv4/tcp_recovery.o
  CC      net/netlabel/netlabel_user.o
  CC      net/ipv6/ndisc.o
  CC      drivers/clk/qcom/common.o
  CC      kernel/time/alarmtimer.o
  CC      net/netfilter/core.o
  CC      lib/cpu_rmap.o
  CC      kernel/trace/trace_stat.o
  AR      net/llc/llc.o
  AR      net/llc/built-in.o
  CC      net/l2tp/l2tp_ip6.o
  AR      drivers/crypto/msm/qcedevice.o
  CC      net/core/utils.o
  CC      fs/ext4/ext4_jbd2.o
  AR      drivers/crypto/msm/built-in.o
  AR      drivers/crypto/built-in.o
  CC      kernel/stacktrace.o
  CC      drivers/devfreq/governor_bw_vbif.o
  CC      net/netlabel/netlabel_kapi.o
  CC      lib/dynamic_queue_limits.o
  CC      net/ipv4/tcp_ulp.o
  CC      drivers/clk/qcom/clk-regmap.o
  CC      kernel/trace/trace_printk.o
  CC      net/netlabel/netlabel_domainhash.o
  CC      lib/glob.o
  CC      kernel/time/posix-timers.o
  CC      drivers/devfreq/governor_gpubw_mon.o
  CC      drivers/clk/qcom/clk-alpha-pll.o
  CC      fs/ext4/extents.o
  AR      net/l2tp/built-in.o
  CC      net/core/link_watch.o
  CC      kernel/trace/trace_sched_switch.o
  CC      net/netfilter/nf_log.o
  CC      net/ipv6/udp.o
  CC      lib/strncpy_from_user.o
  CC      fs/f2fs/dir.o
  CC      fs/f2fs/file.o
  CC      drivers/devfreq/bimc-bwmon.o
  CC      lib/strnlen_user.o
  CC      kernel/time/posix-cpu-timers.o
  CC      drivers/dma/dmaengine.o
  CC      net/ipv4/tcp_offload.o
  CC      net/netlabel/netlabel_addrlist.o
  CC      kernel/trace/trace_nop.o
  CC      drivers/dma/virt-dma.o
  CC      net/core/filter.o
  CC      lib/net_utils.o
  CC      drivers/clk/qcom/clk-pll.o
  CC      kernel/trace/blktrace.o
  CC      net/netlabel/netlabel_mgmt.o
  CC      net/netfilter/nf_queue.o
  CC      kernel/time/posix-clock.o
  CC      drivers/clk/qcom/clk-rcg.o
  CC      kernel/sched/deadline.o
  CC      drivers/devfreq/arm-memlat-mon.o
  CC      drivers/devfreq/msmcci-hwmon.o
  CC      drivers/dma/of-dma.o
  CC      lib/sg_pool.o
  CC      net/ipv4/datagram.o
  CC      lib/stackdepot.o
  CC      fs/ext4/extents_status.o
  CC      net/netlabel/netlabel_unlabeled.o
  CC      kernel/trace/trace_events.o
  CC      kernel/time/itimer.o
  CC      net/ipv6/udplite.o
  CC      drivers/devfreq/m4m-hwmon.o
  CC      drivers/clk/qcom/clk-rcg2.o
  CC      net/netfilter/nf_sockopt.o
  CC      net/netlabel/netlabel_cipso_v4.o
  CC      kernel/time/clockevents.o
  CC      kernel/sched/wait.o
  CC      drivers/dma/qcom/gpi.o
  CC      lib/asn1_decoder.o
  CC      net/netlink/af_netlink.o
  CC      drivers/devfreq/governor_bw_hwmon.o
  CC      net/ipv6/raw.o
  CC      net/ipv4/raw.o
  CC      net/core/sock_diag.o
  CC      fs/ext4/file.o
  CC      fs/f2fs/inode.o
  GEN     lib/oid_registry_data.c
  CC      lib/sbitmap.o
  AR      drivers/dma/xilinx/built-in.o
  CC      net/netlink/genetlink.o
  CC      kernel/time/tick-common.o
  CC      net/netlabel/netlabel_calipso.o
  CC      drivers/clk/qcom/clk-branch.o
  CC      kernel/sched/wait_bit.o
  CC      net/netfilter/nfnetlink.o
  CC      drivers/devfreq/governor_cache_hwmon.o
  CC      fs/ext4/fsmap.o
  CC      kernel/trace/trace_export.o
  AR      drivers/dma/qcom/built-in.o
  AR      drivers/dma/built-in.o
  CC      kernel/sched/swait.o
  CC      net/core/dev_ioctl.o
  CC      lib/kair.o
  CC      drivers/clk/qcom/clk-regmap-divider.o
  CC      net/ipv6/icmp.o
  CC      fs/f2fs/namei.o
  CC      drivers/devfreq/governor_memlat.o
  CC      kernel/trace/trace_event_perf.o
  CC      kernel/time/tick-broadcast.o
  CC      net/ipv6/mcast.o
  AR      net/netlabel/built-in.o
  CC      net/core/tso.o
  CC      kernel/sched/completion.o
  CC      net/netfilter/nfnetlink_queue.o
  CC      net/ipv4/udp.o
  CC      fs/ext4/fsync.o
  CC      drivers/clk/qcom/clk-regmap-mux.o
  CC      drivers/devfreq/governor_cdsp_l3.o
  CC      drivers/dma-buf/dma-buf.o
  AR      net/netlink/built-in.o
  CC      lib/argv_split.o
  CC      fs/f2fs/hash.o
  CC      kernel/trace/trace_events_filter.o
  CC      drivers/devfreq/devfreq_devbw.o
  CC      kernel/sched/idle.o
  CC      kernel/time/tick-broadcast-hrtimer.o
  AR      drivers/clk/renesas/built-in.o
  CC      net/ipv4/udplite.o
  CC      net/ipv6/reassembly.o
  CC      fs/ext4/hash.o
  CC      drivers/clk/qcom/clk-regmap-mux-div.o
  CC      lib/bug.o
  CC      net/core/sock_reuseport.o
  CC      fs/f2fs/super.o
  CC      kernel/futex.o
  CC      net/netfilter/nfnetlink_log.o
  CC      kernel/time/sched_clock.o
  CC      drivers/devfreq/devfreq_simple_dev.o
  CC      fs/ext4/ialloc.o
  CC      lib/chacha.o
  CC      drivers/dma-buf/dma-fence.o
  CC      net/ipv6/tcp_ipv6.o
  CC      kernel/time/tick-oneshot.o
  CC      drivers/clk/qcom/reset.o
  CC      kernel/sched/cpupri.o
  CC      kernel/sched/cpudeadline.o
  AR      drivers/devfreq/built-in.o
  CC      drivers/dma-buf/dma-fence-array.o
  CC      drivers/dma-buf/reservation.o
  CC      kernel/trace/trace_events_trigger.o
  CC      net/core/fib_notifier.o
  CC      kernel/time/tick-sched.o
  CC      lib/clz_tab.o
  CC      drivers/clk/qcom/clk-voter.o
  CC      lib/cmdline.o
  CC      net/netfilter/nf_conntrack_core.o
  CC      lib/cpumask.o
  CC      net/ipv4/udp_offload.o
  CC      kernel/sched/topology.o
  CC      kernel/sched/stop_task.o
  CC      fs/f2fs/inline.o
  CC      lib/ctype.o
  CC      drivers/dma-buf/seqno-fence.o
  CC      fs/ext4/indirect.o
  CC      net/ipv6/ping.o
  CC      net/packet/af_packet.o
  CC      drivers/edac/edac_mc.o
  CC      drivers/clk/qcom/clk-dummy.o
  CC      lib/dec_and_lock.o
  CC      kernel/trace/bpf_trace.o
  CC      drivers/clk/qcom/clk-debug.o
  CC      kernel/time/timekeeping_debug.o
  CC      net/core/net_ipc_log.o
  CC      lib/decompress.o
  CC      lib/decompress_bunzip2.o
  CC      drivers/dma-buf/sync_file.o
  CC      kernel/sched/sched_avg.o
  CC      net/ipv4/arp.o
  AR      kernel/time/built-in.o
  CC      drivers/edac/edac_device.o
  CC      net/core/dev_monitor.o
  CC      net/qrtr/qrtr.o
  AR      drivers/clk/ti/built-in.o
  CC      net/qrtr/smd.o
  CC      fs/ext4/inline.o
  CC      drivers/clk/qcom/gdsc-regulator.o
  CC      fs/f2fs/checkpoint.o
  CC      net/ipv6/exthdrs.o
  CC      kernel/trace/trace_kprobe.o
  CC      drivers/esoc/esoc_bus.o
  CC      net/netfilter/nf_conntrack_standalone.o
  AR      drivers/dma-buf/built-in.o
  CC      kernel/smp.o
  CC      net/core/net-sysfs.o
  CC      fs/ext4/inode.o
  CC      lib/decompress_inflate.o
  CC      drivers/edac/edac_mc_sysfs.o
  CC      drivers/clk/qcom/clk-cpu-osm.o
  CC      kernel/sched/energy.o
  CC      lib/decompress_unlz4.o
  CC      drivers/extcon/extcon.o
  CC      drivers/esoc/esoc_dev.o
  CC      kernel/trace/power-traces.o
  CC      net/ipv4/icmp.o
  CC      net/ipv6/datagram.o
  CC      drivers/edac/edac_module.o
  CC      net/qrtr/mhi.o
  CC      lib/decompress_unlzma.o
  AR      net/packet/built-in.o
  CC      net/ipv4/devinet.o
  CC      net/netfilter/nf_conntrack_expect.o
  CC      kernel/sched/walt.o
  CC      fs/f2fs/gc.o
  CC      drivers/clk/qcom/camcc-sm8150.o
  CC      drivers/esoc/esoc_client.o
  CC      net/core/net-procfs.o
  CC      drivers/esoc/esoc-mdm-pon.o
  CC      net/qrtr/fifo.o
  CC      drivers/clk/qcom/clk-aop-qmp.o
  CC      drivers/edac/edac_device_sysfs.o
  CC      lib/dump_stack.o
  CC      drivers/extcon/devres.o
  CC      lib/earlycpio.o
  CC      drivers/esoc/esoc-mdm-4x.o
  CC      net/core/fib_rules.o
  CC      drivers/clk/qcom/clk-rpmh.o
  CC      net/ipv6/ip6_flowlabel.o
  CC      drivers/extcon/extcon-usb-gpio.o
  CC      lib/extable.o
  CC      kernel/trace/rpm-traces.o
  CC      drivers/edac/wq.o
  AR      net/qrtr/qrtr-smd.o
  AR      net/qrtr/qrtr-mhi.o
  AR      net/qrtr/qrtr-fifo.o
  AR      net/qrtr/built-in.o
  CC      fs/fuse/dev.o
  CC      fs/fat/cache.o
  CC      net/netfilter/nf_conntrack_helper.o
  CC      lib/fdt.o
  CC      net/rfkill/core.o
  AR      drivers/extcon/extcon-core.o
  AR      drivers/extcon/built-in.o
  CC      drivers/clk/qcom/debugcc-sm8150.o
  CC      net/core/net-traces.o
  CC      lib/fdt_empty_tree.o
  CC      net/ipv4/af_inet.o
  CC      kernel/sched/boost.o
  CC      drivers/esoc/esoc-mdm-drv.o
  CC      fs/fat/dir.o
  CC      drivers/edac/edac_pci.o
  CC      fs/ext4/ioctl.o
  CC      lib/fdt_ro.o
  CC      fs/f2fs/data.o
  CC      kernel/trace/trace_probe.o
  CC      drivers/clk/qcom/dispcc-sm8150.o
  CC      lib/fdt_rw.o
  CC      drivers/esoc/esoc-mdm-dbg-eng.o
  CC      kernel/sched/autogroup.o
  CC      fs/fat/fatent.o
  CC      net/ipv6/inet6_connection_sock.o
  AR      net/rfkill/rfkill.o
  AR      net/rfkill/built-in.o
  CC      drivers/edac/edac_pci_sysfs.o
  CC      lib/fdt_strerror.o
  CC      net/netfilter/nf_conntrack_proto.o
  CC      fs/ext4/mballoc.o
  CC      kernel/trace/trace_uprobe.o
  CC      lib/fdt_sw.o
  CC      drivers/clk/qcom/gcc-sm8150.o
  CC      fs/fuse/dir.o
  AR      drivers/esoc/built-in.o
  CC      fs/fuse/file.o
  CC      lib/fdt_wip.o
  CC      drivers/clk/qcom/gpucc-sm8150.o
  CC      kernel/trace/msm_rtb.o
  CC      lib/flex_proportions.o
  CC      net/ipv4/igmp.o
  CC      kernel/sched/stats.o
  CC      kernel/sched/debug.o
  CC      drivers/edac/kryo_arm64_edac.o
  CC      fs/fat/file.o
  CC      net/core/sockev_nlmcast.o
  CC      drivers/clk/qcom/npucc-sm8150.o
  CC      lib/idr.o
  CC      net/ipv6/udp_offload.o
  CC      lib/int_sqrt.o
  CC      net/ipv6/seg6.o
  AR      drivers/firewire/built-in.o
  CC      drivers/fingerprint/fingerprint_sysfs.o
  CC      net/netfilter/nf_conntrack_l3proto_generic.o
  CC      fs/incfs/data_mgmt.o
  CC      kernel/trace/ipc_logging.o
  CC      drivers/clk/qcom/videocc-sm8150.o
  AR      drivers/edac/edac_core.o
  AR      drivers/edac/built-in.o
  CC      fs/ext4/migrate.o
  CC      lib/ioremap.o
  CC      net/core/dst_cache.o
  CC      drivers/fingerprint/qbt2000_common.o
  CC      kernel/sched/tune.o
  CC      fs/fat/inode.o
  CC      drivers/clk/qcom/clk-spmi-pmic-div.o
  CC      lib/irq_regs.o
  CC      net/ipv6/fib6_notifier.o
  CC      fs/f2fs/node.o
  CC      net/ipv4/fib_frontend.o
  CC      fs/fuse/inode.o
  CC      fs/incfs/format.o
  CC      kernel/uid16.o
  CC      lib/is_single_threaded.o
  CC      kernel/trace/ipc_logging_debug.o
  CC      kernel/sched/cpuacct.o
  CC      drivers/clk/qcom/mdss/mdss-pll-util.o
  CC      drivers/fingerprint/qbt2000_platform.o
  CC      net/netfilter/nf_conntrack_proto_generic.o
  CC      net/core/gro_cells.o
  CC      net/ipv6/sysctl_net_ipv6.o
  CC      fs/incfs/integrity.o
  CC      fs/ext4/mmp.o
  CC      lib/klist.o
  CC      fs/jbd2/transaction.o
  CC      net/ipv4/fib_semantics.o
  CC      kernel/sched/cpufreq.o
  CC      fs/fat/misc.o
  CC      drivers/fingerprint/qbt2000_spidev.o
  CC      fs/incfs/main.o
  CC      drivers/clk/qcom/mdss/mdss-pll.o
  CC      fs/fuse/control.o
  AR      kernel/trace/built-in.o
  CC      fs/fuse/xattr.o
  CC      net/netfilter/nf_conntrack_proto_tcp.o
  CC      net/ipv6/xfrm6_policy.o
  CC      fs/ext4/move_extent.o
  CC      lib/kobject.o
  CC      fs/incfs/vfs.o
  CC      net/core/analytics_logger.o
  CC      drivers/clk/qcom/mdss/mdss-dsi-pll-10nm.o
  AR      drivers/fingerprint/built-in.o
  CC      fs/f2fs/segment.o
  CC      fs/fuse/acl.o
  CC      drivers/firmware/psci.o
  CC      fs/fat/nfs.o
  CC      net/sched/sch_generic.o
  CC      kernel/sched/cpufreq_schedutil.o
  CC      fs/ext4/namei.o
  CC      net/ipv6/xfrm6_state.o
  CC      lib/kobject_uevent.o
  CC      fs/jbd2/commit.o
  AR      fs/fuse/fuse.o
  AR      fs/fuse/built-in.o
  AR      net/core/built-in.o
  CC      net/sched/sch_mq.o
  CC      fs/jbd2/recovery.o
  CC      fs/fat/xattr.o
  CC      net/ipv4/fib_trie.o
  AR      fs/incfs/incrementalfs.o
  AR      fs/incfs/built-in.o
  CC      drivers/firmware/qcom_scm.o
  CC      net/netfilter/nf_conntrack_proto_udp.o
  CC      net/netfilter/nf_conntrack_extend.o
  CC      kernel/sched/membarrier.o
  CC      drivers/gpio/devres.o
  CC      drivers/clk/qcom/mdss/mdss-dp-pll-10nm.o
  CC      net/ipv6/xfrm6_input.o
  CC      fs/fat/namei_vfat.o
  CC      fs/fat/namei_msdos.o
  CC      fs/ext4/page-io.o
  CC      net/sched/sch_api.o
  CC      drivers/firmware/qcom_scm-64.o
  CC      fs/jbd2/checkpoint.o
  CC      kernel/sched/core_ctl.o
  CC      drivers/clk/qcom/mdss/mdss-dp-pll-10nm-util.o
  CC      lib/nmi_backtrace.o
  CC      fs/ext4/readpage.o
  CC      drivers/gpio/gpiolib.o
  AR      fs/fat/fat.o
  AR      fs/fat/vfat.o
  CC      net/sched/sch_blackhole.o
  AR      fs/fat/msdos.o
  AR      fs/fat/built-in.o
  CC      fs/ext4/resize.o
  CC      net/netfilter/nf_conntrack_acct.o
  CC      lib/nodemask.o
  AR      drivers/firmware/broadcom/built-in.o
  CC      net/sched/cls_api.o
  AR      drivers/firmware/meson/built-in.o
  CC      drivers/firmware/qcom/tz_log.o
  CC      fs/jbd2/revoke.o
  CC      drivers/clk/qcom/mdss/mdss-dsi-pll-7nm.o
  CC      net/ipv6/xfrm6_output.o
  CC      drivers/clk/qcom/mdss/mdss-dp-pll-7nm.o
  CC      drivers/gpio/gpiolib-legacy.o
  CC      kernel/sched/psi.o
  CC      lib/plist.o
  CC      net/ipv4/fib_notifier.o
  CC      lib/radix-tree.o
  CC      fs/jbd2/journal.o
  AR      drivers/firmware/qcom/built-in.o
  CC      fs/f2fs/recovery.o
  AR      drivers/firmware/tegra/built-in.o
  AR      drivers/firmware/built-in.o
  CC      fs/f2fs/shrinker.o
  CC      net/ipv6/xfrm6_protocol.o
  CC      net/netfilter/nf_conntrack_seqadj.o
  CC      fs/kernfs/mount.o
  CC      net/ipv4/inet_fragment.o
  CC      fs/ext4/super.o
  AR      kernel/sched/built-in.o
  CC      kernel/module.o
  CC      net/sched/act_api.o
  CC      drivers/clk/qcom/mdss/mdss-dp-pll-7nm-util.o
  CC      lib/ratelimit.o
  CC      drivers/clk/qcom/mdss/mdss-dsi-pll-28lpm.o
  CC      lib/rbtree.o
  CC      net/ipv4/ping.o
  CC      fs/kernfs/inode.o
  CC      drivers/gpio/gpiolib-devprop.o
  CC      fs/kernfs/dir.o
  CC      net/netfilter/nf_conntrack_ecache.o
  CC      drivers/clk/qcom/mdss/mdss-dsi-pll-28nm-util.o
  CC      fs/kernfs/file.o
  CC      lib/seq_buf.o
  CC      fs/f2fs/extent_cache.o
  CC      net/ipv6/netfilter.o
  CC      lib/sha1.o
  CC      net/sched/act_police.o
  CC      drivers/gpio/gpiolib-of.o
  CC      drivers/clk/qcom/mdss/mdss-dsi-pll-14nm.o
  AR      fs/jbd2/jbd2.o
  AR      fs/jbd2/built-in.o
  CC      lib/show_mem.o
  CC      drivers/clk/qcom/mdss/mdss-dsi-pll-14nm-util.o
  CC      drivers/gpu/drm/drm_crtc_helper.o
  CC      net/sched/act_gact.o
  CC      drivers/clk/qcom/mdss/mdss-dp-pll-14nm.o
  CC      net/ipv6/fib6_rules.o
  CC      fs/kernfs/symlink.o
  CC      net/ipv4/ip_tunnel_core.o
  CC      drivers/gpu/msm/kgsl.o
  CC      fs/f2fs/sysfs.o
  CC      fs/ext4/symlink.o
  CC      net/netfilter/nf_conntrack_proto_dccp.o
  CC      drivers/gpio/gpiolib-sysfs.o
  CC      lib/siphash.o
  CC      net/netfilter/nf_conntrack_proto_sctp.o
  AR      fs/kernfs/built-in.o
  CC      net/sctp/sm_statetable.o
  CC      net/switchdev/switchdev.o
  CC      net/sched/act_mirred.o
  CC      drivers/gpu/vga/vgaarb.o
  CC      drivers/clk/qcom/mdss/mdss-hdmi-pll-28lpm.o
  CC      kernel/kallsyms.o
  CC      lib/string.o
  CC      drivers/gpio/gpio-pcal6524.o
  CC      net/ipv6/proc.o
  CC      fs/f2fs/debug.o
  CC      drivers/clk/qcom/mdss/mdss-dsi-pll-12nm.o
  CC      drivers/gpu/drm/drm_dp_helper.o
  CC      net/ipv4/gre_offload.o
  CC      net/sctp/sm_statefuns.o
  CC      net/ipv4/ip_tunnel.o
  CC      net/sched/act_skbedit.o
  CC      lib/timerqueue.o
  CC      drivers/clk/qcom/mdss/mdss-dsi-pll-12nm-util.o
  CC      drivers/gpio/sec-pinmux.o
  CC      net/netfilter/nf_conntrack_proto_gre.o
  AR      drivers/gpu/vga/built-in.o
  CC      fs/f2fs/xattr.o
  CC      net/netfilter/nf_conntrack_netlink.o
  CC      net/ipv6/syncookies.o
  AR      net/switchdev/built-in.o
  CC      net/ipv6/calipso.o
  CC      net/unix/af_unix.o
  CC      net/sched/sch_fifo.o
  CC      kernel/compat.o
  AR      drivers/gpio/built-in.o
  CC      lib/vsprintf.o
  CC      net/wireless/core.o
  CC      drivers/gpu/drm/drm_probe_helper.o
  AR      drivers/clk/qcom/mdss/built-in.o
  AR      drivers/clk/qcom/clk-qcom.o
  AR      drivers/clk/qcom/built-in.o
  AR      drivers/clk/built-in.o
  CC      drivers/gpu/msm/kgsl_trace.o
  CC      fs/f2fs/acl.o
  CC      net/wireless/sysfs.o
  CC      fs/ext4/sysfs.o
  CC      fs/ext4/xattr.o
  CC      net/sched/sch_htb.o
  CC      net/ipv4/sysctl_net_ipv4.o
  CC      net/wireless/radiotap.o
  CC      kernel/utsname.o
  CC      net/ipv6/ah6.o
  CC      net/netfilter/nf_conntrack_amanda.o
  AR      fs/f2fs/f2fs.o
  AR      fs/f2fs/built-in.o
  CC      net/wireless/util.o
  CC      net/sctp/sm_sideeffect.o
  GZIP    kernel/config_data.gz
  CC      net/netfilter/nf_conntrack_ftp.o
  CC      drivers/gpu/drm/drm_plane_helper.o
  CC      kernel/stop_machine.o
  CC      net/unix/garbage.o
  CC      net/ipv4/proc.o
  CC      net/xfrm/xfrm_policy.o
  CC      lib/win_minmax.o
  CC      net/sched/sch_ingress.o
  CC      net/ipv6/esp6.o
  CC      drivers/gud/MobiCoreDriver/admin.o
  CC      drivers/gud/MobiCoreDriver/client.o
  CC      kernel/audit.o
  CC      net/unix/sysctl_net_unix.o
  CC      drivers/gpu/drm/drm_dp_mst_topology.o
  GEN     lib/crc32table.h
  CC      lib/oid_registry.o
  CC      drivers/gpu/msm/kgsl_drawobj.o
  CC      net/sctp/protocol.o
  CC      drivers/gud/MobiCoreDriver/clientlib.o
  CC      fs/ext4/xattr_trusted.o
  CC      net/ipv4/fib_rules.o
  CC      net/sched/sch_prio.o
  CC      net/netfilter/nf_conntrack_h323_main.o
  CC      kernel/auditfilter.o
  CC      net/unix/scm.o
  AR      lib/lib.a
  CC      lib/crc32.o
  CC      fs/ext4/xattr_user.o
  CC      kernel/auditsc.o
  CC      drivers/gud/MobiCoreDriver/clock.o
  CC      net/sched/sch_multiq.o
  CC      net/sctp/endpointola.o
  CC      net/ipv6/ipcomp6.o
  CC      fs/ext4/acl.o
  CC      net/wireless/reg.o
  CC      drivers/gud/MobiCoreDriver/fastcall.o
  CC      net/ipv4/gre_demux.o
  CC      drivers/gpu/msm/kgsl_ioctl.o
  EXPORTS lib/lib-ksyms.o
  AR      net/unix/unix.o
  AR      net/unix/built-in.o
  CC      net/xfrm/xfrm_state.o
  CC      net/compat.o
  AR      lib/built-in.o
  CC      net/sched/cls_u32.o
  CC      net/sysctl_net.o
  CC      drivers/gpu/drm/drm_atomic_helper.o
  CC      drivers/gpu/drm/drm_kms_helper_common.o
  CC      drivers/gud/MobiCoreDriver/iwp.o
  CC      fs/ext4/xattr_security.o
  CC      net/ipv6/xfrm6_tunnel.o
  CC      net/netfilter/nf_conntrack_h323_asn1.o
  CC      drivers/gpu/msm/kgsl_sharedmem.o
  CC      net/wireless/scan.o
  CC      net/sctp/associola.o
  CC      net/sctp/transport.o
  CC      net/netfilter/nf_conntrack_irc.o
  CC      kernel/audit_watch.o
  CC      drivers/gud/MobiCoreDriver/logging.o
  AR      fs/ext4/ext4.o
  AR      fs/ext4/built-in.o
  CC      fs/nls/nls_base.o
  CC      net/ipv4/udp_tunnel.o
  CC      net/sched/cls_fw.o
  CC      net/ipv4/ip_vti.o
  CC      drivers/gud/MobiCoreDriver/main.o
  CC      kernel/audit_fsnotify.o
  CC      net/ipv4/syncookies.o
  CC      net/sctp/chunk.o
  CC      kernel/audit_tree.o
  CC      net/ipv6/tunnel6.o
  CC      drivers/gpu/msm/kgsl_pwrctrl.o
  CC      fs/nls/nls_cp437.o
  CC      drivers/gpu/drm/drm_dp_dual_mode_helper.o
  CC      net/sched/cls_basic.o
  CC      net/xfrm/xfrm_hash.o
  CC      drivers/gud/MobiCoreDriver/mcp.o
  CC      fs/nls/nls_iso8859-1.o
  CC      net/sctp/sm_make_chunk.o
  CC      net/netfilter/nf_conntrack_broadcast.o
  CC      drivers/gpu/msm/kgsl_pwrscale.o
  CC      net/ipv6/xfrm6_mode_transport.o
  CC      net/xfrm/xfrm_input.o
  CC      fs/nls/nls_utf8.o
  CC      fs/notify/fsnotify.o
  CC      kernel/kprobes.o
  CC      drivers/hid/hid-core.o
  CC      net/sched/cls_flow.o
  CC      drivers/gud/MobiCoreDriver/mmu.o
  CC      drivers/gpu/drm/drm_simple_kms_helper.o
  CC      net/netfilter/nf_conntrack_netbios_ns.o
  CC      net/wireless/nl80211.o
  AR      fs/nls/built-in.o
  CC      net/netfilter/nf_conntrack_pptp.o
  CC      net/ipv4/ah4.o
  CC      net/ipv6/xfrm6_mode_tunnel.o
  CC      drivers/gud/MobiCoreDriver/nq.o
  CC      drivers/hwmon/hwmon.o
  CC      fs/notify/notification.o
  CC      net/sched/cls_bpf.o
  CC      drivers/hwmon/sec_thermistor.o
  CC      net/sctp/ulpevent.o
  CC      drivers/gpu/drm/drm_modeset_helper.o
  CC      drivers/gpu/msm/kgsl_mmu.o
  CC      kernel/seccomp.o
  CC      net/ipv6/xfrm6_mode_beet.o
  CC      net/ipv4/esp4.o
  CC      drivers/gud/MobiCoreDriver/pm.o
  CC      net/ipv4/ipcomp.o
  CC      net/xfrm/xfrm_output.o
  CC      drivers/hid/hid-input.o
  CC      net/netfilter/nf_conntrack_sane.o
  CC      fs/notify/group.o
  CC      net/ipv6/mip6.o
  CC      drivers/gud/MobiCoreDriver/scheduler.o
  AR      drivers/hwmon/built-in.o
  CC      drivers/hid/hid-debug.o
  CC      net/wireless/mlme.o
  CC      net/sched/ematch.o
  CC      net/sctp/inqueue.o
  CC      drivers/gpu/drm/drm_scdc_helper.o
  CC      fs/notify/mark.o
  CC      fs/ntfs/aops.o
  CC      drivers/gpu/msm/kgsl_snapshot.o
  CC      kernel/utsname_sysctl.o
  CC      net/netfilter/nf_conntrack_tftp.o
  CC      drivers/gud/MobiCoreDriver/session.o
  CC      kernel/taskstats.o
  CC      net/ipv6/netfilter/ip6_tables.o
  CC      net/xfrm/xfrm_sysctl.o
  CC      fs/notify/fdinfo.o
  CC      net/sctp/outqueue.o
  CC      net/ipv4/xfrm4_tunnel.o
  CC      fs/ntfs/attrib.o
  CC      kernel/tsacct.o
  CC      drivers/gpu/drm/drm_gem_framebuffer_helper.o
  CC      net/sched/em_cmp.o
  CC      drivers/gud/MobiCoreDriver/teeclientapi.o
  CC      fs/notify/dnotify/dnotify.o
  CC      drivers/hid/hidraw.o
  CC      kernel/tracepoint.o
  CC      net/xfrm/xfrm_replay.o
  CC      drivers/gpu/msm/kgsl_events.o
  CC      net/ipv4/xfrm4_mode_beet.o
  CC      net/netfilter/nf_log_common.o
  CC      kernel/elfcore.o
  CC      fs/ntfs/collate.o
  CC      net/sched/em_nbyte.o
  AR      fs/notify/dnotify/built-in.o
  AR      fs/notify/fanotify/built-in.o
  CC      fs/notify/inotify/inotify_fsnotify.o
  CC      net/sctp/ulpqueue.o
  CC      drivers/gpu/drm/bridge/panel.o
  CC      drivers/gud/MobiCoreDriver/user.o
  CC      drivers/hwspinlock/hwspinlock_core.o
  CC      drivers/gpu/drm/drm_auth.o
  CC      fs/ntfs/compress.o
  CC      fs/notify/inotify/inotify_user.o
  CC      net/ipv4/tunnel4.o
  CC      drivers/hid/uhid.o
  CC      net/sched/em_u32.o
  CC      kernel/irq_work.o
  CC      net/ipv6/netfilter/ip6table_filter.o
  AR      drivers/gud/MobiCoreDriver/mcDrvModule.o
  AR      drivers/gud/MobiCoreDriver/built-in.o
  AR      drivers/gud/built-in.o
  CC      net/ipv4/xfrm4_mode_transport.o
  CC      drivers/gpu/msm/kgsl_pool.o
  CC      net/netfilter/nf_nat_core.o
  CC      net/xfrm/xfrm_device.o
  CC      drivers/hwspinlock/qcom_hwspinlock.o
  AR      fs/notify/inotify/built-in.o
  AR      fs/notify/built-in.o
  CC      fs/ntfs/debug.o
  CC      net/sctp/tsnmap.o
  CC      net/ipv4/xfrm4_mode_tunnel.o
  CC      net/ipv4/ipconfig.o
  CC      net/sched/em_meta.o
  CC      drivers/gpu/drm/drm_bufs.o
  CC      net/ipv6/netfilter/ip6table_mangle.o
  CC      kernel/cpu_pm.o
  CC      fs/ntfs/dir.o
  AR      drivers/hwspinlock/built-in.o
  CC      drivers/hid/hid-generic.o
  CC      net/wireless/ibss.o
  CC      drivers/gpu/msm/kgsl_gmu_core.o
  CC      net/wireless/sme.o
  CC      net/xfrm/xfrm_proc.o
  CC      net/netfilter/nf_nat_proto_unknown.o
  CC      net/ipv4/netfilter.o
  CC      net/sctp/bind_addr.o
  CC      drivers/hid/hid-a4tech.o
  CC      kernel/memremap.o
  CC      net/ipv6/netfilter/ip6table_raw.o
  CC      net/sched/em_text.o
  CC      fs/ntfs/file.o
  CC      drivers/gpu/msm/kgsl_gmu.o
  CC      net/xfrm/xfrm_algo.o
  CC      net/ipv4/netfilter/nf_conntrack_l3proto_ipv4.o
  CC      drivers/hid/hid-axff.o
  CC      net/sctp/socket.o
  CC      net/netfilter/nf_nat_proto_common.o
  CC      drivers/gpu/drm/drm_cache.o
  CC      fs/ntfs/index.o
  CC      net/netfilter/nf_nat_proto_udp.o
  CC      net/ipv6/netfilter/ip6table_nat.o
  AR      net/sched/built-in.o
  CC      net/xfrm/xfrm_user.o
  CC      kernel/intelligence.o
  CC      drivers/hid/hid-apple.o
  CC      drivers/hwtracing/coresight/coresight.o
  CC      net/ipv4/netfilter/nf_conntrack_proto_icmp.o
  CC      fs/ntfs/inode.o
  CC      net/netfilter/nf_nat_proto_tcp.o
  CC      drivers/gpu/msm/kgsl_rgmu.o
  CC      drivers/gpu/drm/drm_context.o
  CC      net/ipv6/netfilter/nf_conntrack_l3proto_ipv6.o
  CC      drivers/gpu/msm/kgsl_hfi.o
  CC      drivers/hid/hid-belkin.o
  CHK     kernel/config_data.h
  UPD     kernel/config_data.h
  CC      kernel/configs.o
  CC      drivers/hid/hid-cherry.o
  CC      net/wireless/chan.o
  CC      net/ipv4/netfilter/nf_nat_l3proto_ipv4.o
  CC      drivers/gpu/msm/kgsl_iommu.o
  CC      net/ipv6/ip6_vti.o
  AR      kernel/built-in.o
  CC      drivers/hwtracing/coresight/coresight-etm-perf.o
  CC      net/ipv4/netfilter/nf_nat_proto_icmp.o
  CC      drivers/gpu/drm/drm_dma.o
  CC      drivers/hid/hid-chicony.o
  CC      net/netfilter/nf_nat_helper.o
  CC      fs/ntfs/mft.o
  CC      net/xfrm/xfrm_ipcomp.o
  CC      net/ipv6/netfilter/nf_conntrack_proto_icmpv6.o
  CC      net/ipv4/netfilter/nf_defrag_ipv4.o
  CC      net/xfrm/xfrm_interface.o
  CC      fs/ntfs/mst.o
  CC      drivers/hid/hid-cypress.o
  CC      drivers/gpu/drm/drm_file.o
  CC      net/ipv4/netfilter/nf_socket_ipv4.o
  CC      drivers/hwtracing/coresight/of_coresight.o
  CC      drivers/gpu/drm/drm_gem.o
  CC      net/ipv6/netfilter/nf_nat_l3proto_ipv6.o
  CC      fs/ntfs/namei.o
  CC      drivers/hwtracing/coresight/coresight-tmc.o
  CC      net/netfilter/nf_nat_proto_dccp.o
  CC      drivers/hid/hid-dr.o
  CC      drivers/gpu/msm/kgsl_debugfs.o
  CC      net/ipv4/inet_diag.o
  CC      net/ipv4/netfilter/nf_log_ipv4.o
  CC      net/wireless/ethtool.o
  CC      fs/ntfs/runlist.o
  AR      net/xfrm/built-in.o
  CC      drivers/gpu/drm/drm_ioctl.o
  CC      net/sctp/primitive.o
  CC      fs/overlayfs/super.o
  CC      net/ipv6/sit.o
  CC      drivers/hid/hid-emsff.o
  CC      net/netfilter/nf_nat_proto_sctp.o
  CC      drivers/gpu/msm/kgsl_sync.o
  CC      net/ipv6/netfilter/nf_nat_proto_icmpv6.o
  CC      drivers/hwtracing/coresight/coresight-tmc-etf.o
  CC      net/wireless/mesh.o
  CC      drivers/hid/hid-elecom.o
  CC      net/ipv4/netfilter/nf_reject_ipv4.o
  AR      drivers/hwtracing/intel_th/built-in.o
  CC      net/ipv4/netfilter/nf_nat_h323.o
  CC      drivers/hwtracing/stm/core.o
  CC      fs/ntfs/super.o
  CC      fs/overlayfs/namei.o
  CC      net/sctp/output.o
  CC      net/netfilter/nf_nat_redirect.o
  CC      drivers/gpu/msm/kgsl_compat.o
  CC      drivers/hid/hid-ezkey.o
  CC      drivers/gpu/drm/drm_irq.o
  CC      net/ipv6/netfilter/nf_defrag_ipv6_hooks.o
  CC      net/ipv4/tcp_diag.o
  CC      drivers/hwtracing/coresight/coresight-tmc-etr.o
  CC      net/ipv4/netfilter/nf_nat_pptp.o
  CC      fs/overlayfs/util.o
  CC      drivers/gpu/msm/adreno_ioctl.o
  CC      fs/ntfs/sysctl.o
  CC      drivers/hid/hid-gyration.o
  CC      drivers/hwtracing/stm/policy.o
  CC      drivers/i2c/i2c-boardinfo.o
  CC      net/wireless/ap.o
  CC      net/ipv4/udp_diag.o
  CC      net/sctp/input.o
  CC      drivers/i2c/i2c-core-base.o
  CC      fs/ntfs/unistr.o
  CC      drivers/gpu/drm/drm_lock.o
  CC      net/ipv4/netfilter/nf_nat_masquerade_ipv4.o
  CC      net/netfilter/nf_nat_amanda.o
  CC      drivers/gpu/msm/adreno_ringbuffer.o
  CC      fs/overlayfs/inode.o
  CC      drivers/hid/hid-holtek-kbd.o
  AR      drivers/hwtracing/stm/stm_core.o
  AR      drivers/hwtracing/stm/built-in.o
  CC      net/ipv6/netfilter/nf_conntrack_reasm.o
  CC      drivers/i2c/i2c-core-smbus.o
  CC      drivers/hwtracing/coresight/coresight-byte-cntr.o
  CC      net/wireless/trace.o
  CC      drivers/gpu/drm/drm_memory.o
  CC      fs/ntfs/upcase.o
  CC      drivers/hid/hid-holtek-mouse.o
  CC      net/ipv4/netfilter/nf_nat_proto_gre.o
  CC      fs/overlayfs/dir.o
  CC      net/ipv6/ip6_tunnel.o
  CC      net/netfilter/nf_nat_ftp.o
  CC      drivers/gpu/msm/adreno_drawctxt.o
  AR      fs/ntfs/ntfs.o
  AR      fs/ntfs/built-in.o
  CC      drivers/i2c/i2c-core-of.o
  CC      drivers/hid/hid-holtekff.o
  CC      drivers/hid/hid-kensington.o
  CC      net/ipv4/tcp_bic.o
  CC      net/ipv4/tcp_cubic.o
  CC      fs/overlayfs/readdir.o
  CC      drivers/gpu/drm/drm_drv.o
  CC      drivers/gpu/msm/adreno_dispatch.o
  CC      net/netfilter/nf_nat_irc.o
  CC      net/ipv6/netfilter/nf_socket_ipv6.o
  CC      net/sctp/debug.o
  CC      net/wireless/ocb.o
  CC      drivers/hid/hid-keytouch.o
  CC      drivers/hwtracing/coresight/coresight-funnel.o
  CC      net/ipv4/cipso_ipv4.o
  CC      drivers/i2c/i2c-dev.o
  CC      net/ipv4/netfilter/ip_tables.o
  CC      drivers/hid/hid-kye.o
  CC      drivers/i2c/i2c-mux.o
  CC      net/netfilter/nf_nat_tftp.o
  CC      net/ipv6/addrconf_core.o
  CC      fs/overlayfs/copy_up.o
  CC      net/sctp/stream.o
  CC      drivers/hwtracing/coresight/coresight-replicator.o
  CC      drivers/hwtracing/coresight/coresight-dynamic-replicator.o
  CC      drivers/hid/hid-lcpower.o
  CC      drivers/gpu/drm/drm_scatter.o
  CC      net/ipv4/netfilter/iptable_filter.o
  CC      net/ipv6/netfilter/nf_log_ipv6.o
  CC      net/wireless/of.o
  CC      net/netfilter/x_tables.o
  CC      drivers/hid/hid-lg.o
  AR      fs/overlayfs/overlay.o
  CC      drivers/hid/hid-lgff.o
  AR      fs/overlayfs/built-in.o
  CC      net/sctp/auth.o
  CC      drivers/gpu/msm/adreno_snapshot.o
  CC      drivers/hwtracing/coresight/coresight-stm.o
  CC      drivers/i2c/algos/i2c-algo-bit.o
  CC      drivers/gpu/drm/drm_pci.o
  CC      drivers/hwtracing/coresight/coresight-cti.o
  CC      drivers/gpu/msm/adreno_coresight.o
  CC      net/ipv4/xfrm4_policy.o
  CC      fs/proc/task_mmu.o
  CC      fs/proc/inode.o
  CC      drivers/hid/hid-lg2ff.o
  CC      net/ipv6/netfilter/nf_reject_ipv6.o
  CC      net/ipv4/netfilter/iptable_mangle.o
  AR      drivers/i2c/algos/built-in.o
  CC      net/netfilter/xt_tcpudp.o
  CC      drivers/gpu/msm/adreno_trace.o
  CC      drivers/i2c/busses/i2c-gpio.o
  CC      net/sctp/offload.o
  CC      drivers/gpu/msm/adreno_a3xx.o
  CC      drivers/hid/hid-lg3ff.o
  CC      drivers/i2c/busses/i2c-qcom-geni.o
  CC      drivers/gpu/msm/adreno_a4xx.o
  CC      fs/proc/root.o
  CC      drivers/gpu/drm/drm_sysfs.o
  CC      net/ipv4/xfrm4_state.o
  CC      drivers/hwtracing/coresight/coresight-ost.o
  CC      net/ipv6/exthdrs_core.o
  CC      net/ipv4/netfilter/iptable_nat.o
  CC      drivers/hid/hid-lg4ff.o
  CC      net/sctp/proc.o
  CC      net/netfilter/xt_mark.o
  CC      fs/proc/base.o
  CC      net/ipv6/netfilter/nf_dup_ipv6.o
  CC      net/wireless/wext-core.o
  CC      drivers/gpu/msm/adreno_a5xx.o
  AR      drivers/i2c/muxes/built-in.o
  CC      net/ipv6/netfilter/ip6t_rpfilter.o
  CC      net/ipv6/netfilter/ip6t_REJECT.o
  AR      drivers/i2c/busses/built-in.o
  AR      drivers/i2c/i2c-core.o
  AR      drivers/i2c/built-in.o
  CC      fs/proc/generic.o
  CC      drivers/gpu/drm/drm_hashtab.o
  CC      net/netfilter/xt_connmark.o
  CC      drivers/hwtracing/coresight/coresight-tpda.o
  CC      net/ipv6/ip6_checksum.o
  CC      net/ipv4/netfilter/iptable_raw.o
  CC      drivers/hid/hid-logitech-dj.o
  CC      net/sctp/sysctl.o
  CC      net/ipv6/ip6_icmp.o
  CC      drivers/hid/hid-logitech-hidpp.o
  CC      net/netfilter/xt_nat.o
  CC      drivers/gpu/msm/adreno_a6xx.o
  CC      drivers/hwtracing/coresight/coresight-tpdm.o
  AR      net/ipv6/netfilter/nf_conntrack_ipv6.o
  AR      net/ipv6/netfilter/nf_nat_ipv6.o
  AR      net/ipv6/netfilter/nf_defrag_ipv6.o
  CC      net/ipv4/netfilter/iptable_security.o
  AR      net/ipv6/netfilter/built-in.o
  CC      drivers/gpu/msm/adreno_a3xx_snapshot.o
  CC      net/sctp/ipv6.o
  CC      drivers/gpu/msm/adreno_a4xx_snapshot.o
  CC      drivers/gpu/msm/adreno_a5xx_snapshot.o
  CC      fs/proc/array.o
  CC      net/wireless/wext-proc.o
  CC      drivers/gpu/drm/drm_mm.o
  CC      fs/proc/fd.o
  CC      net/netfilter/xt_CLASSIFY.o
  CC      fs/pstore/inode.o
  CC      net/ipv6/output_core.o
  CC      net/ipv4/netfilter/ipt_ah.o
  CC      net/ipv6/protocol.o
  CC      net/wireless/wext-spy.o
  CC      fs/pstore/platform.o
  CC      net/ipv6/ip6_offload.o
  CC      fs/proc/proc_tty.o
  CC      net/sctp/sctp_diag.o
  AR      drivers/idle/built-in.o
  CC      net/netfilter/xt_CONNSECMARK.o
  CC      drivers/hid/hid-magicmouse.o
  CC      net/ipv4/xfrm4_input.o
  CC      drivers/hwtracing/coresight/coresight-event.o
  CC      net/wireless/wext-priv.o
  CC      net/ipv4/netfilter/ipt_rpfilter.o
  CC      drivers/gpu/msm/adreno_a6xx_snapshot.o
  CC      fs/proc/cmdline.o
  CC      drivers/gpu/drm/drm_crtc.o
  CC      drivers/hid/hid-microsoft.o
  CC      fs/pstore/pmsg.o
  CC      net/ipv4/netfilter/ipt_MASQUERADE.o
  CC      net/netfilter/xt_CT.o
  CC      fs/proc/consoles.o
  AR      net/sctp/sctp.o
  AR      net/sctp/built-in.o
  CC      fs/pstore/ss_platform_log.o
  CC      fs/proc/cpuinfo.o
  CC      drivers/hwtracing/coresight/coresight-csr.o
  CC      net/ipv6/tcpv6_offload.o
  AR      net/wireless/cfg80211.o
  AR      net/wireless/built-in.o
  CC      net/ipv4/netfilter/ipt_REJECT.o
  CC      drivers/iio/industrialio-core.o
  CC      fs/quota/dquot.o
  CC      drivers/hid/hid-monterey.o
  CC      drivers/iio/industrialio-event.o
  CC      drivers/gpu/drm/drm_fourcc.o
  CC      drivers/iio/inkern.o
  CC      fs/proc/devices.o
  CC      fs/pstore/ram.o
  CC      drivers/gpu/msm/adreno_a4xx_preempt.o
  CC      fs/proc/interrupts.o
  AR      drivers/iio/accel/built-in.o
  CC      fs/ramfs/inode.o
  CC      net/netfilter/xt_LOG.o
  CC      fs/sdcardfs/dentry.o
  CC      drivers/hid/hid-multitouch.o
  CC      drivers/hid/hid-nintendo.o
  CC      net/ipv4/netfilter/arp_tables.o
  CC      net/ipv6/exthdrs_offload.o
  CC      fs/proc/loadavg.o
  CC      drivers/hwtracing/coresight/coresight-hwevent.o
  CC      fs/sdcardfs/file.o
  CC      drivers/gpu/drm/drm_modes.o
  CC      fs/ramfs/file-mmu.o
  CC      drivers/hid/hid-ntrig.o
  CC      drivers/gpu/msm/adreno_a5xx_preempt.o
  CC      fs/quota/quota_v2.o
  CC      net/netfilter/xt_NETMAP.o
  CC      net/ipv4/netfilter/arpt_mangle.o
  CC      fs/pstore/ram_core.o
  CC      drivers/hid/hid-ortek.o
  CC      fs/proc/meminfo.o
  CC      net/ipv6/inet6_hashtables.o
  CC      drivers/iio/adc/qcom-vadc-common.o
  AR      fs/ramfs/ramfs.o
  AR      fs/ramfs/built-in.o
  CC      net/ipv4/xfrm4_output.o
  CC      drivers/hwtracing/coresight/coresight-dummy.o
  CC      fs/sdcardfs/inode.o
  CC      drivers/gpu/msm/adreno_a6xx_preempt.o
  CC      fs/quota/quota_tree.o
  CC      fs/sdfat/sdfat.o
  CC      drivers/hid/hid-prodikeys.o
  CC      fs/proc/stat.o
  CC      drivers/gpu/drm/drm_edid.o
  AR      fs/pstore/pstore.o
  AR      fs/pstore/ramoops.o
  AR      fs/pstore/built-in.o
  CC      net/netfilter/xt_NFLOG.o
  CC      net/ipv4/xfrm4_protocol.o
  CC      drivers/iio/adc/qcom-spmi-adc5.o
  CC      drivers/input/input.o
  CC      drivers/hwtracing/coresight/coresight-remote-etm.o
  CC      fs/sdcardfs/main.o
  CC      drivers/gpu/drm/drm_info.o
  CC      fs/proc/uptime.o
  CC      net/ipv4/netfilter/arptable_filter.o
  CC      drivers/gpu/msm/adreno_a6xx_gmu.o
  CC      net/netfilter/xt_NFQUEUE.o
  CC      net/ipv6/ip6_udp_tunnel.o
  CC      drivers/hid/hid-pl.o
  CC      drivers/hwtracing/coresight/coresight-tgu.o
  CC      fs/quota/quota.o
  AR      drivers/iio/adc/built-in.o
  CC      drivers/input/input-compat.o
  AR      drivers/iio/amplifiers/built-in.o
  AR      drivers/iio/buffer/built-in.o
  AR      drivers/iio/chemical/built-in.o
  CC      net/ipv6/mcast_snoop.o
  CC      fs/proc/version.o
  AR      drivers/iio/common/cros_ec_sensors/built-in.o
  AR      drivers/iio/common/hid-sensors/built-in.o
  AR      drivers/iio/common/ms_sensors/built-in.o
  CC      fs/sdfat/core.o
  AR      drivers/iio/common/ssp_sensors/built-in.o
  AR      drivers/iio/common/st_sensors/built-in.o
  AR      drivers/iio/common/built-in.o
  AR      drivers/iio/counter/built-in.o
  CC      net/ipv4/netfilter/nf_dup_ipv4.o
  CC      fs/sdcardfs/super.o
  AR      drivers/iio/dac/built-in.o
  CC      drivers/hid/hid-petalynx.o
  AR      drivers/iio/dummy/built-in.o
  AR      drivers/iio/frequency/built-in.o
  AR      drivers/iio/gyro/built-in.o
  AR      drivers/iio/health/built-in.o
  CC      drivers/hwtracing/coresight/apss_tgu.o
  AR      drivers/iio/humidity/built-in.o
  CC      fs/proc/softirqs.o
  AR      drivers/iio/light/built-in.o
  CC      fs/sdfat/core_fat.o
  AR      drivers/iio/imu/bmi160/built-in.o
  CC      net/netfilter/xt_REDIRECT.o
  AR      drivers/iio/imu/inv_mpu/inv_test/built-in.o
  AR      drivers/iio/imu/inv_mpu/built-in.o
  AR      drivers/iio/imu/inv_mpu6050/built-in.o
  AR      drivers/iio/imu/st_asm330lhh/built-in.o
  AR      drivers/iio/imu/st_lsm6dsx/built-in.o
  AR      drivers/iio/imu/built-in.o
  AR      drivers/iio/magnetometer/built-in.o
  CC      drivers/input/serio/serio.o
  CC      fs/quota/kqid.o
  AR      drivers/iio/multiplexer/built-in.o
  AR      drivers/iio/orientation/built-in.o
  CC      fs/sdcardfs/lookup.o
  CC      drivers/hid/hid-picolcd_core.o
  AR      drivers/iio/potentiometer/built-in.o
  CC      drivers/input/input-mt.o
  AR      drivers/iio/potentiostat/built-in.o
  AR      drivers/iio/pressure/built-in.o
  AR      drivers/iio/proximity/built-in.o
  AR      drivers/iio/temperature/built-in.o
  CC      drivers/gpu/msm/adreno_a6xx_rgmu.o
  AR      drivers/iio/trigger/built-in.o
  CC      fs/proc/namespaces.o
  AR      drivers/iio/industrialio.o
  AR      drivers/iio/built-in.o
  AR      drivers/hwtracing/coresight/built-in.o
  CC      fs/sdfat/core_exfat.o
  CC      drivers/gpu/msm/adreno_sysfs.o
  CC      fs/sysfs/file.o
  AR      net/ipv6/ipv6.o
  AR      net/ipv6/built-in.o
  CC      fs/sdcardfs/mmap.o
  CC      drivers/gpu/drm/drm_encoder_slave.o
  CC      fs/sdfat/api.o
  CC      net/netfilter/xt_SECMARK.o
  AR      net/ipv4/netfilter/nf_conntrack_ipv4.o
  AR      net/ipv4/netfilter/nf_nat_ipv4.o
  CC      fs/quota/netlink.o
  AR      net/ipv4/netfilter/built-in.o
  AR      net/ipv4/gre.o
  CC      fs/sdcardfs/packagelist.o
  AR      net/ipv4/built-in.o
  CC      drivers/input/serio/libps2.o
  CC      fs/proc/self.o
  CC      drivers/hid/hid-picolcd_debugfs.o
  CC      drivers/input/ff-core.o
  CC      fs/proc/thread_self.o
  CC      fs/proc/uid.o
  CC      drivers/gpu/msm/adreno.o
  CC      fs/proc/fslog.o
  CC      fs/sysfs/dir.o
  CC      net/netfilter/xt_TPROXY.o
  CC      drivers/input/sec_tsp_log.o
  CC      drivers/gpu/drm/drm_trace_points.o
  CC      fs/sdfat/blkdev.o
  CC      drivers/hid/hid-plantronics.o
  CC      fs/sdcardfs/derived_perm.o
  CC      drivers/gpu/msm/adreno_cp_parser.o
  CC      fs/proc/proc_sysctl.o
  CC      fs/tracefs/inode.o
  AR      fs/quota/built-in.o
  CC      fs/proc/proc_net.o
  AR      drivers/input/serio/built-in.o
  CC      net/netfilter/xt_TCPMSS.o
  CC      fs/sysfs/symlink.o
  CC      drivers/input/sec_cmd.o
  CC      fs/sdfat/fatent.o
  CC      drivers/gpu/drm/drm_global.o
  CC      drivers/hid/hid-playstation.o
  CC      drivers/gpu/drm/drm_prime.o
  CC      drivers/gpu/msm/adreno_perfcounter.o
  CC      drivers/gpu/drm/drm_rect.o
  CC      drivers/iommu/iommu.o
  AR      fs/tracefs/tracefs.o
  AR      fs/tracefs/built-in.o
  CC      drivers/iommu/iommu-traces.o
  CC      fs/sdfat/amap_smart.o
  CC      fs/proc/kmsg.o
  CC      drivers/input/sec_tclm_v2.o
  CC      net/netfilter/xt_TEE.o
  CC      fs/sdfat/cache.o
  CC      fs/sysfs/mount.o
  CC      drivers/gpu/msm/adreno_iommu.o
  CC      drivers/hid/hid-primax.o
  CC      fs/proc/page.o
  CC      fs/sysfs/group.o
  CC      fs/eventpoll.o
  CC      drivers/irqchip/irqchip.o
  CC      drivers/irqchip/irq-gic.o
  CC      drivers/hid/hid-roccat.o
  CC      drivers/input/sec_secure_touch.o
  CC      drivers/gpu/drm/drm_vma_manager.o
  CC      drivers/irqchip/irq-gic-common.o
  CC      fs/anon_inodes.o
  CC      net/netfilter/xt_TRACE.o
  CC      fs/sdfat/dfr.o
  CC      fs/proc/proc_avc.o
-- SukiSU-Ultra version: 13000 [v4.1.3-SukiSU-Ultra-unknown@unknown]
-- KernelSU Manager signature size: 0x35c
-- KernelSU Manager signature hash: 947ae944f3de4ed4c21a7e4f7953ecf351bfa2b36239da37a34111ad29993eef
  CC      drivers/gpu/msm/adreno_debugfs.o
-- KERNEL_VERSION: 4.14
-- KERNEL_TYPE: Non-GKI
-- KPM is disabled
-- KSU_NEW_DCACHE_FLUSH: 0
  CC      drivers/input/ff-memless.o
  CC      drivers/gpu/drm/drm_flip_work.o
  CC      net/netfilter/xt_IDLETIMER.o
  AR      fs/sysfs/built-in.o
  CC      drivers/iommu/iommu-sysfs.o
  CC      drivers/gpu/drm/drm_modeset_lock.o
  CC      drivers/kernelsu/core/init.o
  CC      fs/sdfat/nls.o
  CC      drivers/irqchip/irq-gic-v2m.o
  CC      drivers/irqchip/irq-gic-v3.o
  AR      fs/proc/proc.o
  AR      fs/proc/built-in.o
  CC      drivers/kernelsu/feature/kernel_umount.o
  CC      drivers/gpu/drm/drm_atomic.o
  CC      drivers/irqchip/irq-gic-v3-its.o
  CC      drivers/hid/hid-roccat-common.o
  CC      drivers/kernelsu/feature/sulog.o
  CC      drivers/iommu/dma-iommu.o
  CC      drivers/gpu/msm/adreno_profile.o
  CC      net/netfilter/xt_HARDIDLETIMER.o
  CC      fs/sdfat/misc.o
  CC      drivers/hid/hid-roccat-arvo.o
  CC      drivers/gpu/drm/drm_bridge.o
  CC      drivers/input/input-leds.o
  CC      fs/sdfat/mpage.o
  CC      drivers/leds/led-core.o
  CC      fs/signalfd.o
  CC      drivers/kernelsu/feature/sucompat.o
  CC      net/netfilter/xt_bpf.o
  CC      drivers/input/evdev.o
  CC      drivers/hid/hid-roccat-isku.o
  CC      drivers/gpu/msm/adreno_compat.o
  CC      drivers/iommu/msm_dma_iommu_mapping.o
  AR      drivers/macintosh/built-in.o
  AR      drivers/gpu/msm/msm_kgsl_core.o
  CC      drivers/leds/led-class.o
  CC      net/netfilter/xt_comment.o
  CC      drivers/kernelsu/hook/lsm_hook.o
  CC      net/netfilter/xt_connlimit.o
  CC      fs/sdfat/extent.o
  CC      drivers/gpu/drm/drm_framebuffer.o
  CC      drivers/hid/hid-roccat-kone.o
  CC      drivers/input/input_booster.o
  CC      drivers/kernelsu/hook/setuid_hook.o
  CC      fs/sdfat/statistics.o
  AR      drivers/gpu/msm/msm_adreno.o
  AR      drivers/gpu/msm/built-in.o
  CC      drivers/kernelsu/hook/syscall_event_bridge.o
  CC      drivers/iommu/io-pgtable.o
  CC      drivers/leds/led-triggers.o
  CC      fs/timerfd.o
  CC      drivers/irqchip/irq-gic-v3-its-pci-msi.o
  CC      drivers/hid/hid-roccat-koneplus.o
  CC      drivers/leds/leds-qpnp-flash-v2.o
  CC      drivers/irqchip/irq-gic-v3-its-platform-msi.o
  CC      fs/eventfd.o
  AR      fs/sdfat/sdfat_fs.o
  AR      fs/sdfat/built-in.o
  CC      net/netfilter/xt_conntrack.o
  CC      drivers/kernelsu/hook/syscall_hook_manager.o
  CC      drivers/mailbox/mailbox.o
  CC      drivers/iommu/io-pgtable-arm.o
  CC      drivers/input/input_booster_qc.o
  CC      drivers/gpu/drm/drm_connector.o
  CC      fs/aio.o
  CC      drivers/irqchip/irq-gic-v4.o
  AR      fs/sdcardfs/sdcardfs.o
  CC      drivers/input/joystick/xpad.o
  AR      fs/sdcardfs/built-in.o
  CC      drivers/hid/hid-roccat-konepure.o
  CC      net/netfilter/xt_dscp.o
  CC      drivers/kernelsu/hook/tp_marker.o
  CC      drivers/md/dm-uevent.o
  CC      drivers/hid/hid-roccat-kovaplus.o
  CC      drivers/iommu/iova.o
  CC      fs/locks.o
  CC      drivers/irqchip/irq-partition-percpu.o
  CC      drivers/gpu/drm/drm_blend.o
  CC      drivers/mailbox/qcom-apcs-ipc-mailbox.o
  AR      drivers/media/common/b2c2/built-in.o
  CC      drivers/media/dvb-core/dvbdev.o
  AR      drivers/media/common/saa7146/built-in.o
  AR      drivers/media/dvb-frontends/built-in.o
  CC      drivers/leds/leds-s2mpb02.o
  AR      drivers/media/common/siano/built-in.o
  CC      drivers/input/keyboard/atkbd.o
  AR      drivers/media/common/v4l2-tpg/built-in.o
  CC      net/netfilter/xt_ecn.o
  AR      drivers/media/common/built-in.o
  CC      drivers/iommu/io-pgtable-fast.o
  CC      drivers/hid/hid-roccat-lua.o
  AR      drivers/input/joystick/built-in.o
  CC      drivers/input/keyboard/gpio_keys.o
  CC      drivers/kernelsu/hook/arm64/patch_memory.o
  CC      drivers/md/dm.o
  CC      drivers/irqchip/msm_show_resume_irq.o
  CC      drivers/input/keyboard/hall_ic.o
  CC      drivers/mailbox/qcom-rpmh-mailbox.o
  CC      drivers/hid/hid-roccat-pyra.o
  CC      drivers/iommu/dma-mapping-fast.o
  CC      drivers/mfd/cs35l41-core.o
  CC      net/netfilter/xt_esp.o
  CC      drivers/kernelsu/hook/arm64/syscall_hook.o
  CC      drivers/gpu/drm/drm_encoder.o
  CC      drivers/irqchip/qcom/pdc.o
  CC      drivers/mfd/cs35l41-tables.o
  CC      drivers/input/keyboard/certify_hall_ic.o
  CC      drivers/media/dvb-core/dmxdev.o
  CC      drivers/leds/trigger/ledtrig-timer.o
  CC      drivers/irqchip/qcom/pdc-sm8150.o
  CC      drivers/hid/hid-roccat-ryos.o
  CC      drivers/kernelsu/compat/kernel_compat.o
  CC      drivers/mfd/cs35l41-cal.o
  CC      drivers/md/dm-table.o
  CC      net/netfilter/xt_hashlimit.o
  CC      drivers/gpu/drm/drm_mode_object.o
  CC      drivers/iommu/of_iommu.o
  AR      drivers/leds/trigger/built-in.o
  AR      drivers/input/keyboard/built-in.o
  AR      drivers/leds/built-in.o
  CC      drivers/gpu/drm/drm_property.o
  CC      drivers/input/misc/qpnp-power-on.o
  CC      drivers/gpu/drm/drm_plane.o
  CC      drivers/mailbox/msm_qmp.o
  CC      drivers/kernelsu/infra/file_wrapper.o
  CC      drivers/hid/hid-roccat-savu.o
  CC      drivers/mfd/cs35l41-bd.o
  AR      drivers/irqchip/qcom/built-in.o
  AR      drivers/irqchip/built-in.o
  CC      drivers/md/dm-target.o
  AR      drivers/media/firewire/built-in.o
  CC      drivers/media/dvb-core/dvb_demux.o
  CC      drivers/media/dvb-core/dvb_ca_en50221.o
  CC      fs/compat.o
  CC      drivers/iommu/arm-smmu.o
  CC      drivers/hid/hid-saitek.o
  AR      drivers/mailbox/built-in.o
  CC      drivers/mfd/cs35l41-pwr.o
  CC      drivers/iommu/arm-smmu-errata.o
  CC      drivers/media/dvb-core/dvb_frontend.o
  CC      net/netfilter/xt_helper.o
  CC      drivers/kernelsu/infra/event_queue.o
  CC      fs/compat_ioctl.o
  CC      drivers/media/dvb-core/dvb_net.o
  CC      drivers/hid/hid-ovr.o
  CC      drivers/input/touchscreen/of_touchscreen.o
  CC      drivers/mfd/cirrus-cal.o
  CC      drivers/media/dvb-core/dvb_ringbuffer.o
  CC      drivers/gpu/drm/drm_color_mgmt.o
  CC      drivers/md/dm-linear.o
  CC      drivers/input/touchscreen/sec_ts/y771/sec_ts.o
  CC      drivers/kernelsu/infra/seccomp_cache.o
  CC      net/netfilter/xt_hl.o
  CC      drivers/input/misc/qti-haptics.o
  AR      drivers/misc/cb710/built-in.o
  CC      drivers/misc/dev_ril_bridge/dev_ril_bridge.o
  CC      drivers/md/dm-stripe.o
  CC      drivers/kernelsu/infra/su_mount_ns.o
  CC      drivers/kernelsu/infra/symbol_resolver.o
  CC      drivers/hid/hid-tvr.o
  CC      drivers/input/misc/uinput.o
  CC      net/netfilter/xt_iprange.o
  CC      drivers/input/sec_tsp_dumpkey.o
  CC      drivers/gpu/drm/drm_print.o
  CC      drivers/gpu/drm/drm_dumb_buffers.o
  CC      drivers/media/dvb-core/dvb_math.o
  CC      drivers/mmc/core/core.o
  CC      drivers/kernelsu/manager/apk_sign.o
  CC      drivers/mfd/cirrus-bd.o
  CC      fs/binfmt_script.o
  AR      drivers/misc/dev_ril_bridge/built-in.o
  AR      drivers/misc/eeprom/built-in.o
  AR      drivers/misc/lis3lv02d/built-in.o
  CC      drivers/md/dm-ioctl.o
  AR      drivers/misc/mic/bus/built-in.o
  AR      drivers/misc/mic/built-in.o
  CC      drivers/misc/hdcp_qseecom.o
  AR      drivers/misc/ti-st/built-in.o
  CC      drivers/mmc/core/bus.o
  CC      drivers/mfd/cirrus-amp.o
  AR      drivers/input/misc/built-in.o
  CC      drivers/iommu/arm-smmu-debug.o
  CC      net/netfilter/xt_length.o
  CC      drivers/hid/hid-samsung.o
  CC      fs/binfmt_elf.o
  AR      drivers/media/dvb-core/dvb-core.o
  AR      drivers/media/dvb-core/built-in.o
  CC      drivers/mfd/cirrus-pwr.o
  CC      drivers/kernelsu/manager/pkg_observer.o
  CC      drivers/mmc/host/sdhci.o
  AR      drivers/media/i2c/soc_camera/built-in.o
  CC      drivers/media/i2c/ir-kbd-i2c.o
  CC      drivers/gpu/drm/drm_mode_config.o
  CC      drivers/kernelsu/manager/throne_tracker.o
  AR      drivers/iommu/built-in.o
  CC      drivers/mfd/cs35l41-i2c.o
  CC      drivers/mmc/host/sdhci-pltfm.o
  CC      drivers/hid/hid-sjoy.o
  CC      drivers/hid/hid-sony.o
  AR      drivers/media/i2c/built-in.o
  CC      drivers/input/touchscreen/sec_ts/y771/sec_ts_fw.o
  AR      drivers/media/mmc/siano/built-in.o
  AR      drivers/media/mmc/built-in.o
  CC      net/netfilter/xt_limit.o
  AR      drivers/media/pci/b2c2/built-in.o
  CC      drivers/misc/msm_hdcp.o
  CC      drivers/md/dm-io.o
  AR      drivers/media/pci/ddbridge/built-in.o
  CC      drivers/mmc/host/sdhci-msm.o
  AR      drivers/media/pci/dm1105/built-in.o
  AR      drivers/media/pci/mantis/built-in.o
  AR      drivers/media/pci/netup_unidvb/built-in.o
  AR      drivers/media/pci/ngene/built-in.o
  AR      drivers/media/pci/pluto2/built-in.o
  CC      drivers/kernelsu/policy/allowlist.o
  AR      drivers/media/pci/pt1/built-in.o
  CC      drivers/kernelsu/policy/app_profile.o
  AR      drivers/media/pci/pt3/built-in.o
  CC      net/netfilter/xt_mac.o
  AR      drivers/media/pci/saa7146/built-in.o
  CC      fs/compat_binfmt_elf.o
  AR      drivers/media/pci/smipcie/built-in.o
  AR      drivers/media/pci/ttpci/built-in.o
  CC      drivers/mfd/mfd-core.o
  AR      drivers/media/pci/built-in.o
  AR      drivers/media/platform/blackfin/built-in.o
  AR      drivers/media/platform/davinci/built-in.o
  AR      drivers/media/platform/meson/built-in.o
  CC      drivers/misc/qseecom.o
  CC      drivers/gpu/drm/drm_vblank.o
  CC      drivers/mfd/max77705.o
  CC      drivers/media/platform/msm/camera/cam_cdm/cam_cdm_soc.o
  CC      drivers/media/platform/msm/npu/npu_dbg.o
  CC      net/netfilter/xt_multiport.o
  CC      drivers/hid/hid-speedlink.o
  CC      drivers/input/touchscreen/sec_ts/y771/sec_ts_fn.o
  CC      drivers/media/platform/msm/npu/npu_dev.o
  CC      drivers/md/dm-kcopyd.o
  CC      drivers/mfd/max77705-irq.o
  CC      drivers/media/platform/msm/camera/cam_cdm/cam_cdm_util.o
  CC      drivers/mmc/core/host.o
  AR      drivers/input/input-core.o
  CC      drivers/hid/hid-sunplus.o
  CC      drivers/kernelsu/policy/feature.o
  CC      drivers/media/platform/msm/sde/rotator/sde_rotator_dev.o
  CC      fs/mbcache.o
  CC      net/netfilter/xt_owner.o
  CC      drivers/kernelsu/runtime/boot_event.o
  CC      drivers/gpu/drm/drm_syncobj.o
  CC      drivers/media/platform/msm/camera/cam_cdm/cam_cdm_intf.o
  CC      drivers/hid/hid-gaff.o
  CC      drivers/media/platform/msm/npu/npu_debugfs.o
  CC      drivers/mfd/qcom-i2c-pmic.o
  CC      drivers/misc/uid_sys_stats.o
  CC      drivers/kernelsu/runtime/ksud_integration.o
  CC      drivers/media/radio/rtc6213n/radio-rtc6213n-i2c.o
  CC      drivers/md/dm-sysfs.o
  CC      drivers/mmc/core/mmc.o
  CC      net/netfilter/xt_pkttype.o
  CC      fs/posix_acl.o
  CC      drivers/hid/hid-tmff.o
  CC      drivers/media/platform/msm/npu/npu_host_ipc.o
  AR      drivers/mmc/host/built-in.o
  CC      drivers/media/radio/rtc6213n/radio-rtc6213n-common.o
  CC      drivers/mfd/qcom-spmi-pmic.o
  CC      drivers/md/dm-stats.o
  CC      drivers/media/platform/msm/camera/cam_cdm/cam_cdm_core_common.o
  CC      drivers/motor/max77705_haptic.o
  AR      drivers/media/platform/omap/built-in.o
  CC      drivers/hid/hid-tivo.o
  CC      drivers/media/platform/msm/sde/rotator/sde_rotator_core.o
  CC      drivers/kernelsu/selinux/selinux.o
  CC      drivers/media/platform/msm/npu/npu_hw_access.o
  CC      drivers/mfd/syscon.o
  CC      net/netfilter/xt_policy.o
  CC      drivers/gpu/drm/drm_lease.o
  CC      drivers/hid/hid-topseed.o
  AR      drivers/media/radio/rtc6213n/radio-i2c-rtc6213n.o
  AR      drivers/media/radio/rtc6213n/built-in.o
  AR      drivers/media/radio/built-in.o
  CC      drivers/kernelsu/selinux/rules.o
  CC      fs/coredump.o
  CC      drivers/media/platform/msm/camera/cam_cdm/cam_cdm_virtual_core.o
  CC      drivers/media/platform/msm/npu/npu_mgr.o
  CC      drivers/mfd/s2mpb02-core.o
  CC      drivers/hid/hid-twinhan.o
  CC      drivers/mmc/core/mmc_ops.o
  CC      drivers/motor/ss_vibrator.o
  CC      net/netfilter/xt_quota.o
  CC      drivers/md/dm-rq.o
  CC      drivers/motor/timed_output.o
  CC      drivers/media/platform/msm/camera/cam_cdm/cam_cdm_hw_core.o
  CC      drivers/input/touchscreen/sec_ts/y771/sec_ts_ioctl.o
  CC      drivers/kernelsu/selinux/sepolicy.o
  CC      drivers/gpu/drm/drm_ioc32.o
  CC      drivers/hid/hid-uclogic.o
  CC      drivers/media/rc/keymaps/rc-adstech-dvb-t-pci.o
  CC      net/netfilter/xt_quota2.o
  AR      drivers/media/platform/msm/npu/msm_npu.o
  CC      drivers/media/platform/msm/sde/rotator/sde_rotator_base.o
  AR      drivers/media/platform/msm/npu/built-in.o
  CC      drivers/motor/cs40l2x.o
  AR      drivers/input/touchscreen/sec_ts/y771/built-in.o
  AR      drivers/input/touchscreen/built-in.o
  AR      drivers/input/built-in.o
  CC      drivers/misc/memory_state_time.o
  CC      drivers/mfd/s2mpb02-irq.o
  CC      drivers/mmc/core/sd.o
  AR      drivers/media/platform/stm32/built-in.o
  CC      drivers/motor/cs40l2x-tables.o
  AR      drivers/media/platform/msm/camera/cam_cdm/built-in.o
  AR      drivers/media/spi/built-in.o
  CC      drivers/media/platform/msm/camera/cam_core/cam_context.o
  CC      drivers/hid/hid-zpff.o
  CC      drivers/kernelsu/sulog/event.o
  CC      fs/drop_caches.o
  CC      drivers/media/rc/keymaps/rc-alink-dtu-m.o
  CC      drivers/md/dm-builtin.o
  CC      fs/dcookies.o
  CC      drivers/kernelsu/sulog/fd.o
  CC      net/netfilter/xt_socket.o
  CC      drivers/mfd/sec_ap_pmic.o
  CC      drivers/media/platform/msm/camera/cam_core/cam_context_utils.o
  CC      drivers/media/rc/keymaps/rc-anysee.o
  CC      drivers/hid/hid-zydacron.o
  CC      drivers/media/rc/rc-main.o
  CC      drivers/hid/wacom_wac.o
  CC      drivers/gpu/drm/ati_pcigart.o
  CC      drivers/kernelsu/supercall/dispatch.o
  CC      drivers/mmc/core/sd_ops.o
  CC      drivers/media/platform/msm/vidc/msm_v4l2_vidc.o
  CC      drivers/media/platform/msm/sde/rotator/sde_rotator_formats.o
  AR      drivers/mfd/built-in.o
  CC      drivers/media/platform/msm/sde/rotator/sde_rotator_util.o
  CC      drivers/misc/okl4-virq.o
  CC      drivers/media/rc/keymaps/rc-apac-viewcomp.o
  CC      drivers/md/dm-bufio.o
  CC      drivers/mmc/core/sdio.o
  CC      net/netfilter/xt_state.o
  AR      fs/built-in.o
  CC      drivers/media/platform/msm/camera/cam_core/cam_node.o
  CC      drivers/media/platform/msm/camera/cam_cpas/camss_top/cam_camsstop_hw.o
  CC      drivers/media/platform/msm/camera/cam_core/cam_subdev.o
  CC      drivers/misc/okl4-panic.o
  CC      drivers/media/rc/keymaps/rc-asus-pc39.o
  CC      drivers/gpu/drm/drm_panel.o
  CC      drivers/media/platform/msm/vidc/msm_v4l2_private.o
  CC      drivers/mmc/core/sdio_ops.o
  CC      drivers/kernelsu/supercall/perm.o
  CC      drivers/media/platform/msm/sde/rotator/sde_rotator_io_util.o
  CC      drivers/misc/okl4-link-shbuf.o
  CC      net/netfilter/xt_statistic.o
  AR      drivers/media/platform/msm/camera/cam_cpas/camss_top/built-in.o
  CC      drivers/gpu/drm/drm_of.o
  CC      drivers/media/platform/msm/camera/cam_cpas/cpas_top/cam_cpastop_hw.o
  CC      drivers/mmc/core/sdio_bus.o
  CC      drivers/media/rc/keymaps/rc-asus-ps3-100.o
  AR      drivers/media/platform/msm/camera/cam_core/built-in.o
  CC      drivers/mmc/core/sdio_cis.o
  CC      drivers/kernelsu/supercall/supercall.o
  CC      drivers/kernelsu/feature/adb_root.o
  CC      drivers/media/platform/msm/sde/rotator/sde_rotator_smmu.o
  CC      drivers/hid/wacom_sys.o
  CC      drivers/mmc/core/sdio_io.o
  CC      net/netfilter/xt_string.o
  AR      drivers/misc/built-in.o
  CC      drivers/media/rc/rc-ir-raw.o
  CC      drivers/media/platform/msm/vidc/msm_vidc_platform.o
  AR      drivers/motor/built-in.o
  AR      drivers/media/platform/msm/camera/cam_cpas/cpas_top/built-in.o
  CC      drivers/media/platform/msm/vidc/msm_vidc_common.o
  CC      drivers/md/dm-crypt.o
  CC      drivers/media/platform/msm/camera/cam_cpas/cam_cpas_soc.o
  CC      drivers/media/tuners/tuner-xc2028.o
  CC      drivers/media/rc/keymaps/rc-ati-tv-wonder-hd-600.o
  CC      drivers/mmc/core/sdio_irq.o
  CC      drivers/media/platform/msm/camera/cam_cpas/cam_cpas_intf.o
  CC      drivers/gpu/drm/drm_debugfs.o
  CC      drivers/hid/hid-waltop.o
  CC      drivers/media/platform/msm/sde/rotator/sde_rotator_r1_wb.o
  CC      net/netfilter/xt_time.o
  CC      drivers/kernelsu/feature/selinux_hide.o
  CC      drivers/media/platform/msm/vidc/msm_vidc.o
  CC      drivers/kernelsu/feature/uts_spoof.o
  CC      drivers/media/rc/keymaps/rc-ati-x10.o
  CC      drivers/media/tuners/tuner-simple.o
  AR      drivers/media/usb/b2c2/built-in.o
  AR      drivers/kernelsu/kernelsu.o
  AR      drivers/kernelsu/built-in.o
  AR      drivers/media/usb/dvb-usb/built-in.o
  CC      drivers/md/dm-default-key.o
  CC      drivers/media/tuners/tuner-types.o
  AR      drivers/media/usb/dvb-usb-v2/built-in.o
  AR      drivers/media/usb/s2255/built-in.o
  AR      drivers/media/usb/siano/built-in.o
  AR      drivers/media/usb/stkwebcam/built-in.o
  AR      drivers/media/usb/ttusb-budget/built-in.o
  CC      drivers/media/rc/keymaps/rc-avermedia-a16d.o
  CC      drivers/muic/muic-core.o
  AR      drivers/media/usb/ttusb-dec/built-in.o
  CC      drivers/media/platform/msm/sde/rotator/sde_rotator_r1_pipe.o
  CC      drivers/mmc/core/slot-gpio.o
  CC      drivers/media/usb/uvc/uvc_driver.o
  CC      drivers/hid/hid-wiimote-core.o
  CC      net/netfilter/xt_u32.o
  CC      drivers/media/platform/msm/camera/cam_cpas/cam_cpas_hw.o
  CC      drivers/media/platform/msm/camera/cam_fd/fd_hw_mgr/fd_hw/cam_fd_hw_dev.o
  CC      drivers/gpu/drm/drm_debugfs_crc.o
  CC      drivers/media/rc/keymaps/rc-avermedia.o
  CC      drivers/media/rc/keymaps/rc-avermedia-cardbus.o
  CC      net/netfilter/xt_domainfilter.o
  CC      drivers/media/platform/msm/camera/cam_fd/cam_fd_dev.o
  CC      drivers/media/platform/msm/sde/rotator/sde_rotator_r1_ctl.o
  CC      drivers/md/dm-verity-fec.o
  CC      drivers/media/tuners/mt20xx.o
  CC      drivers/media/platform/msm/camera/cam_fd/fd_hw_mgr/cam_fd_hw_mgr.o
  CC      drivers/media/rc/keymaps/rc-avermedia-dvbt.o
  CC      drivers/media/platform/msm/camera/cam_fd/fd_hw_mgr/fd_hw/cam_fd_hw_core.o
  CC      drivers/muic/muic_notifier.o
  CC      drivers/mmc/core/pwrseq.o
  CC      drivers/hid/hid-wiimote-modules.o
  CC      drivers/gpu/drm/drm_mipi_dsi.o
  AR      drivers/media/platform/msm/camera/cam_cpas/built-in.o
  CC      drivers/media/platform/msm/sde/rotator/sde_rotator_r1.o
  CC      drivers/media/platform/msm/camera/cam_icp/icp_hw/a5_hw/a5_dev.o
  CC      drivers/net/bonding/bond_main.o
  AR      net/netfilter/netfilter.o
  AR      net/netfilter/nf_conntrack.o
  AR      net/netfilter/nf_conntrack_h323.o
  AR      net/netfilter/nf_nat.o
  CC      drivers/media/rc/keymaps/rc-avermedia-m135a.o
  AR      net/netfilter/built-in.o
  AR      net/built-in.o
  CC      drivers/media/rc/keymaps/rc-avermedia-m733a-rm-k6.o
  CC      drivers/media/platform/msm/camera/cam_icp/icp_hw/a5_hw/a5_core.o
  CC      drivers/muic/max77705-muic.o
  CC      drivers/media/usb/uvc/uvc_queue.o
  CC      drivers/md/dm-verity-target.o
  CC      drivers/media/platform/msm/camera/cam_fd/fd_hw_mgr/fd_hw/cam_fd_hw_soc.o
  CC      drivers/media/tuners/tda8290.o
  CC      drivers/media/platform/msm/sde/rotator/sde_rotator_r3.o
  CC      drivers/md/dm-verity-debug.o
  CC      drivers/media/rc/keymaps/rc-avermedia-rm-ks.o
  CC      drivers/mmc/core/debugfs.o
  CC      drivers/hid/hid-wiimote-debug.o
  CC      drivers/muic/max77705-muic-afc.o
  CC      drivers/media/usb/uvc/uvc_v4l2.o
  CC      drivers/media/rc/ir-nec-decoder.o
  AR      drivers/gpu/drm/bridge/synopsys/built-in.o
  CC      drivers/media/platform/msm/vidc/msm_vdec.o
  CC      drivers/gpu/drm/bridge/lt9611.o
  CC      drivers/media/platform/msm/camera/cam_icp/icp_hw/a5_hw/a5_soc.o
  AR      drivers/media/platform/msm/camera/cam_fd/fd_hw_mgr/fd_hw/built-in.o
  AR      drivers/media/platform/msm/camera/cam_fd/fd_hw_mgr/built-in.o
  CC      drivers/media/platform/msm/camera/cam_fd/cam_fd_context.o
  CC      drivers/media/rc/keymaps/rc-avertv-303.o
  CC      drivers/media/platform/msm/camera/cam_icp/cam_icp_subdev.o
  AR      drivers/media/usb/zr364xx/built-in.o
  CC      drivers/hid/usbhid/hid-core.o
  CC      drivers/media/platform/msm/camera/cam_icp/icp_hw/bps_hw/bps_dev.o
  CC      drivers/mmc/core/pwrseq_simple.o
  CC      drivers/muic/max77705-muic-ccic.o
  AR      drivers/media/platform/msm/camera/cam_fd/built-in.o
  CC      drivers/hid/usbhid/hid-quirks.o
  CC      drivers/media/platform/msm/camera/cam_icp/icp_hw/bps_hw/bps_core.o
  AR      drivers/media/platform/msm/camera/cam_icp/icp_hw/a5_hw/built-in.o
  CC      drivers/media/platform/msm/sde/rotator/sde_rotator_sync.o
  CC      drivers/media/tuners/tea5767.o
  CC      drivers/media/rc/keymaps/rc-azurewave-ad-tu700.o
  CC      drivers/media/platform/msm/vidc/msm_venc.o
  CC      drivers/media/usb/uvc/uvc_video.o
  CC      drivers/md/alta_bigdata.o
  CC      drivers/media/v4l2-core/v4l2-dev.o
  CC      drivers/media/tuners/tea5761.o
  AR      drivers/muic/built-in.o
  AR      drivers/gpu/drm/hisilicon/built-in.o
  CC      drivers/hid/hid-qvr.o
  CC      drivers/mmc/core/pwrseq_emmc.o
  CC      drivers/media/rc/keymaps/rc-behold.o
  CC      drivers/media/platform/msm/camera/cam_isp/isp_hw_mgr/hw_utils/cam_tasklet_util.o
  CC      drivers/media/platform/msm/sde/rotator/sde_rotator_debug.o
  CC      drivers/media/platform/msm/camera/cam_icp/icp_hw/bps_hw/bps_soc.o
  CC      drivers/net/bonding/bond_3ad.o
  AR      drivers/gpu/drm/bridge/built-in.o
  CC      drivers/net/bonding/bond_alb.o
  AR      drivers/gpu/drm/i2c/built-in.o
  CC      drivers/md/dm-bow.o
  CC      drivers/mmc/core/block.o
  CC      drivers/media/platform/msm/camera/cam_isp/isp_hw_mgr/hw_utils/cam_isp_packet_parser.o
  CC      drivers/net/bonding/bond_sysfs.o
  CC      drivers/hid/usbhid/hiddev.o
  CC      drivers/media/usb/uvc/uvc_ctrl.o
  CC      drivers/media/rc/keymaps/rc-behold-columbus.o
  CC      drivers/media/tuners/tda9887.o
  CC      drivers/media/platform/msm/camera/cam_isp/isp_hw_mgr/isp_hw/ife_csid_hw/cam_ife_csid_dev.o
  AR      drivers/media/platform/msm/camera/cam_icp/icp_hw/bps_hw/built-in.o
  CC      drivers/gpu/drm/msm/dp/dp_usbpd.o
  CC      drivers/media/platform/msm/camera/cam_icp/icp_hw/icp_hw_mgr/cam_icp_hw_mgr.o
  CC      drivers/media/v4l2-core/v4l2-ioctl.o
  CC      drivers/media/platform/msm/vidc/msm_cvp.o
  CC      drivers/media/rc/keymaps/rc-budget-ci-old.o
  CC      drivers/media/platform/msm/camera/cam_isp/isp_hw_mgr/hw_utils/irq_controller/cam_irq_controller.o
  CC      drivers/media/platform/msm/sde/rotator/sde_rotator_r1_debug.o
  CC      drivers/media/platform/msm/camera/cam_isp/isp_hw_mgr/isp_hw/ife_csid_hw/cam_ife_csid_soc.o
  AR      drivers/md/dm-mod.o
  AR      drivers/md/dm-verity.o
  AR      drivers/md/built-in.o
  CC      drivers/gpu/drm/msm/dp/dp_parser.o
  CC      drivers/media/platform/msm/camera/cam_icp/icp_hw/ipe_hw/ipe_dev.o
  CC      drivers/media/platform/msm/camera/cam_isp/isp_hw_mgr/isp_hw/vfe_hw/cam_vfe_soc.o
  AR      drivers/gpu/drm/omapdrm/displays/built-in.o
  AR      drivers/gpu/drm/omapdrm/dss/built-in.o
  AR      drivers/gpu/drm/omapdrm/built-in.o
  CC      drivers/media/platform/msm/camera/cam_icp/icp_hw/ipe_hw/ipe_core.o
  CC      drivers/net/bonding/bond_sysfs_slave.o
  CC      drivers/media/rc/keymaps/rc-cec.o
  CC      drivers/media/tuners/tda827x.o
  CC      drivers/media/usb/uvc/uvc_status.o
  CC      drivers/media/platform/msm/sde/rotator/sde_rotator_r3_debug.o
  CC      drivers/media/platform/msm/camera/cam_isp/isp_hw_mgr/isp_hw/ife_csid_hw/cam_ife_csid_core.o
  AR      drivers/media/platform/msm/camera/cam_isp/isp_hw_mgr/hw_utils/irq_controller/built-in.o
  AR      drivers/media/platform/msm/camera/cam_isp/isp_hw_mgr/hw_utils/built-in.o
  AR      drivers/hid/usbhid/usbhid.o
  AR      drivers/hid/usbhid/built-in.o
  CC      drivers/hid/hid-trace.o
  CC      drivers/media/platform/msm/vidc/msm_smem.o
  CC      drivers/media/platform/msm/camera/cam_jpeg/jpeg_hw/jpeg_dma_hw/jpeg_dma_dev.o
  CC      drivers/media/platform/msm/camera/cam_isp/isp_hw_mgr/isp_hw/vfe_hw/cam_vfe_dev.o
  CC      drivers/media/platform/msm/vidc/msm_vidc_debug.o
  CC      drivers/net/bonding/bond_debugfs.o
  CC      drivers/media/rc/keymaps/rc-cinergy-1400.o
  AR      drivers/media/platform/msm/sde/rotator/built-in.o
  AR      drivers/media/platform/msm/sde/built-in.o
  CC      drivers/media/platform/msm/camera/cam_jpeg/cam_jpeg_dev.o
  CC      drivers/media/usb/uvc/uvc_isight.o
  CC      drivers/gpu/drm/msm/dp/dp_power.o
  CC      drivers/media/platform/msm/camera/cam_icp/icp_hw/ipe_hw/ipe_soc.o
  AR      drivers/hid/hid.o
  AR      drivers/hid/hid-logitech.o
  AR      drivers/hid/hid-picolcd.o
  AR      drivers/hid/wacom.o
  AR      drivers/hid/hid-wiimote.o
  AR      drivers/hid/built-in.o
  CC      drivers/media/rc/keymaps/rc-cinergy.o
  CC      drivers/media/platform/msm/camera/cam_isp/isp_hw_mgr/isp_hw/vfe_hw/cam_vfe_core.o
  CC      drivers/mmc/core/queue.o
  CC      drivers/media/v4l2-core/v4l2-device.o
  CC      drivers/media/v4l2-core/v4l2-fh.o
  CC      drivers/media/platform/msm/camera/cam_isp/isp_hw_mgr/cam_isp_hw_mgr.o
  AR      drivers/media/platform/msm/camera/cam_icp/icp_hw/icp_hw_mgr/built-in.o
  CC      drivers/media/platform/msm/camera/cam_icp/cam_icp_context.o
  CC      drivers/media/tuners/tda18271-maps.o
  CC      drivers/net/bonding/bond_netlink.o
  AR      drivers/gpu/drm/panel/built-in.o
  CC      drivers/media/rc/keymaps/rc-d680-dmb.o
  CC      drivers/media/platform/msm/camera/cam_jpeg/jpeg_hw/jpeg_dma_hw/jpeg_dma_core.o
  CC      drivers/media/usb/uvc/uvc_debugfs.o
  AR      drivers/media/platform/msm/camera/cam_icp/icp_hw/ipe_hw/built-in.o
  AR      drivers/media/platform/msm/camera/cam_icp/icp_hw/built-in.o
  CC      drivers/media/platform/msm/camera/cam_isp/isp_hw_mgr/isp_hw/ife_csid_hw/cam_ife_csid17x.o
  CC      drivers/media/usb/uvc/uvc_entity.o
  CC      drivers/media/platform/msm/camera/cam_icp/hfi.o
  CC      drivers/media/platform/msm/camera/cam_jpeg/jpeg_hw/jpeg_enc_hw/jpeg_enc_dev.o
  CC      drivers/gpu/drm/msm/dp/dp_catalog.o
  CC      drivers/media/tuners/tda18271-common.o
  CC      drivers/media/rc/keymaps/rc-delock-61959.o
  CC      drivers/media/platform/msm/camera/cam_isp/isp_hw_mgr/isp_hw/vfe_hw/vfe17x/cam_vfe17x.o
  CC      drivers/media/platform/msm/camera/cam_jpeg/jpeg_hw/cam_jpeg_hw_mgr.o
  CC      drivers/media/platform/msm/camera/cam_jpeg/cam_jpeg_context.o
  CC      drivers/media/platform/msm/camera/cam_jpeg/jpeg_hw/jpeg_dma_hw/jpeg_dma_soc.o
  CC      drivers/media/platform/msm/camera/cam_isp/isp_hw_mgr/isp_hw/ife_csid_hw/cam_ife_csid_lite17x.o
  CC      drivers/media/platform/msm/vidc/msm_vidc_res_parse.o
  CC      drivers/media/platform/msm/camera/cam_isp/isp_hw_mgr/cam_ife_hw_mgr.o
  CC      drivers/net/bonding/bond_options.o
  AR      drivers/media/usb/uvc/uvcvideo.o
  CC      drivers/media/v4l2-core/v4l2-event.o
  AR      drivers/media/usb/uvc/built-in.o
  AR      drivers/media/usb/built-in.o
  AR      drivers/net/dsa/b53/built-in.o
  AR      drivers/net/dsa/microchip/built-in.o
  AR      drivers/net/dsa/mv88e6xxx/built-in.o
  AR      drivers/mmc/core/mmc_core.o
  AR      drivers/net/dsa/built-in.o
  AR      drivers/mmc/core/mmc_block.o
  CC      drivers/media/rc/ir-rc5-decoder.o
  AR      drivers/mmc/core/built-in.o
  AR      drivers/media/platform/msm/camera/cam_isp/isp_hw_mgr/isp_hw/vfe_hw/vfe17x/built-in.o
  CC      drivers/media/platform/msm/camera/cam_jpeg/jpeg_hw/jpeg_enc_hw/jpeg_enc_core.o
  AR      drivers/mmc/built-in.o
  CC      drivers/media/platform/msm/camera/cam_isp/isp_hw_mgr/isp_hw/vfe_hw/vfe_bus/cam_vfe_bus.o
  AR      drivers/media/platform/msm/camera/cam_icp/built-in.o
  CC      drivers/media/platform/msm/camera/cam_jpeg/jpeg_hw/jpeg_enc_hw/jpeg_enc_soc.o
  CC      drivers/media/platform/msm/camera/cam_isp/isp_hw_mgr/isp_hw/vfe_hw/vfe_top/cam_vfe_camif_lite_ver2.o
  CC      drivers/media/rc/keymaps/rc-dib0700-nec.o
  CC      drivers/media/tuners/tda18271-fe.o
  AR      drivers/media/platform/msm/camera/cam_jpeg/jpeg_hw/jpeg_dma_hw/built-in.o
  AR      drivers/media/platform/msm/camera/cam_isp/isp_hw_mgr/isp_hw/ife_csid_hw/built-in.o
  CC      drivers/media/v4l2-core/v4l2-ctrls.o
  CC      drivers/media/platform/msm/camera/cam_isp/isp_hw_mgr/isp_hw/vfe_hw/vfe_top/cam_vfe_top.o
  CC      drivers/media/platform/msm/camera/cam_isp/cam_isp_dev.o
  AR      drivers/gpu/drm/tilcdc/built-in.o
  CC      drivers/media/platform/msm/camera/cam_isp/isp_hw_mgr/isp_hw/vfe_hw/vfe_bus/cam_vfe_bus_ver2.o
  CC      drivers/media/platform/msm/vidc/venus_hfi.o
  AR      drivers/media/platform/msm/camera/cam_jpeg/jpeg_hw/jpeg_enc_hw/built-in.o
  AR      drivers/gpu/drm/drm_kms_helper.o
  AR      drivers/gpu/drm/drm.o
  CC      drivers/nfc/pn547.o
  AR      drivers/media/platform/msm/camera/cam_jpeg/jpeg_hw/built-in.o
  AR      drivers/media/platform/msm/camera/cam_jpeg/built-in.o
  CC      drivers/nfc/p61.o
  CC      drivers/media/rc/keymaps/rc-dib0700-rc5.o
  AR      drivers/media/v4l2loopback-master/built-in.o
  CC      drivers/net/bonding/bond_procfs.o
  CC      drivers/media/platform/msm/camera/cam_isp/isp_hw_mgr/isp_hw/vfe_hw/vfe_top/cam_vfe_top_ver2.o
  CC      drivers/media/tuners/xc5000.o
  CC      drivers/media/v4l2-core/v4l2-subdev.o
  CC      drivers/gpu/drm/msm/dp/dp_catalog_v420.o
  AR      drivers/net/ethernet/3com/built-in.o
  AR      drivers/net/ethernet/8390/built-in.o
  AR      drivers/net/ethernet/adaptec/built-in.o
  AR      drivers/net/ethernet/agere/built-in.o
  AR      drivers/net/ethernet/alacritech/built-in.o
  AR      drivers/net/ethernet/alteon/built-in.o
  CC      drivers/media/rc/keymaps/rc-digitalnow-tinytwin.o
  AR      drivers/net/ethernet/amazon/built-in.o
  AR      drivers/net/ethernet/amd/built-in.o
  AR      drivers/net/ethernet/aquantia/built-in.o
  AR      drivers/net/ethernet/arc/built-in.o
  CC      drivers/media/rc/ir-rc6-decoder.o
  AR      drivers/net/ethernet/atheros/built-in.o
  AR      drivers/net/ethernet/broadcom/built-in.o
  CC      drivers/gpu/drm/msm/dp/dp_catalog_v200.o
  AR      drivers/net/ethernet/brocade/built-in.o
  AR      drivers/net/ethernet/cadence/built-in.o
  AR      drivers/net/bonding/bonding.o
  AR      drivers/net/bonding/built-in.o
  CC      drivers/media/platform/msm/camera/cam_isp/cam_isp_context.o
  CC      drivers/media/platform/msm/vidc/hfi_response_handler.o
  CC      drivers/media/platform/msm/camera/cam_isp/isp_hw_mgr/isp_hw/vfe_hw/vfe_top/cam_vfe_camif_ver2.o
  AR      drivers/net/ethernet/cavium/liquidio/built-in.o
  AR      drivers/net/ethernet/cavium/octeon/built-in.o
  AR      drivers/net/ethernet/cavium/thunder/built-in.o
  AR      drivers/net/ethernet/cavium/built-in.o
  AR      drivers/net/ethernet/chelsio/built-in.o
  AR      drivers/net/ethernet/cisco/built-in.o
  AR      drivers/net/ethernet/dec/built-in.o
  CC      drivers/media/rc/keymaps/rc-digittrade.o
  AR      drivers/net/ethernet/dlink/built-in.o
  AR      drivers/net/ethernet/emulex/built-in.o
  CC      drivers/media/rc/ir-jvc-decoder.o
  AR      drivers/net/ethernet/ezchip/built-in.o
  AR      drivers/nvme/host/built-in.o
  AR      drivers/net/ethernet/hisilicon/built-in.o
  AR      drivers/nvme/target/built-in.o
  CC      drivers/media/platform/msm/camera/cam_isp/isp_hw_mgr/isp_hw/vfe_hw/vfe_top/cam_vfe_rdi.o
  AR      drivers/nvme/built-in.o
  CC      drivers/nfc/nfc_logger/nfc_logger.o
  AR      drivers/media/platform/msm/camera/cam_isp/isp_hw_mgr/isp_hw/vfe_hw/vfe_bus/built-in.o
  AR      drivers/net/ethernet/hp/built-in.o
  CC      drivers/media/media-device.o
  CC      drivers/net/phy/mdio-boardinfo.o
  CC      drivers/media/rc/keymaps/rc-dm1105-nec.o
  AR      drivers/net/ethernet/huawei/built-in.o
  CC      drivers/net/ppp/ppp_generic.o
  AR      drivers/net/ethernet/i825xx/built-in.o
  CC      drivers/media/tuners/xc4000.o
  AR      drivers/net/ethernet/intel/built-in.o
  CC      drivers/net/ethernet/marvell/sky2.o
  CC      drivers/media/v4l2-core/v4l2-clk.o
  CC      drivers/gpu/drm/msm/dp/dp_aux.o
  CC      drivers/net/phy/phy.o
  CC      drivers/net/phy/phy-c45.o
  AR      drivers/nfc/nfc_logger/built-in.o
  CC      drivers/media/platform/msm/camera/cam_lrme/lrme_hw_mgr/lrme_hw/cam_lrme_hw_dev.o
  AR      drivers/nfc/built-in.o
  CC      drivers/media/media-devnode.o
  CC      drivers/media/rc/keymaps/rc-dntv-live-dvb-t.o
  AR      drivers/media/platform/msm/camera/cam_isp/isp_hw_mgr/isp_hw/vfe_hw/vfe_top/built-in.o
  AR      drivers/media/platform/msm/camera/cam_isp/isp_hw_mgr/isp_hw/vfe_hw/built-in.o
  AR      drivers/media/platform/msm/camera/cam_isp/isp_hw_mgr/isp_hw/built-in.o
  AR      drivers/media/platform/msm/camera/cam_isp/isp_hw_mgr/built-in.o
  CC      drivers/media/platform/msm/camera/cam_lrme/lrme_hw_mgr/lrme_hw/cam_lrme_hw_core.o
  CC      drivers/media/platform/msm/camera/cam_lrme/lrme_hw_mgr/lrme_hw/cam_lrme_hw_soc.o
  AR      drivers/media/platform/msm/camera/cam_isp/built-in.o
  CC      drivers/gpu/drm/msm/dp/dp_panel.o
  CC      drivers/media/platform/msm/camera/cam_lrme/cam_lrme_dev.o
  CC      drivers/media/v4l2-core/v4l2-async.o
  CC      drivers/net/slip/slhc.o
  CC      drivers/media/rc/keymaps/rc-dntv-live-dvbt-pro.o
  CC      drivers/media/platform/msm/vidc/hfi_packetization.o
  CC      drivers/media/platform/msm/vidc/vidc_hfi.o
  CC      drivers/media/rc/ir-sony-decoder.o
  CC      drivers/media/platform/msm/camera/cam_lrme/lrme_hw_mgr/cam_lrme_hw_mgr.o
  AR      drivers/media/platform/msm/camera/cam_lrme/lrme_hw_mgr/lrme_hw/built-in.o
  CC      drivers/media/tuners/mc44s803.o
  CC      drivers/nvmem/core.o
  CC      drivers/nvmem/qcom-spmi-sdam.o
  CC      drivers/media/rc/keymaps/rc-dtt200u.o
  CC      drivers/of/base.o
  CC      drivers/optics/sfh7832.o
  CC      drivers/gpu/drm/msm/dp/dp_link.o
  CC      drivers/net/phy/phy-core.o
  CC      drivers/net/ppp/ppp_async.o
  CC      drivers/media/v4l2-core/v4l2-compat-ioctl32.o
  CC      drivers/media/rc/ir-sanyo-decoder.o
  CC      drivers/media/rc/keymaps/rc-dvbsky.o
  AR      drivers/media/platform/msm/camera/cam_lrme/lrme_hw_mgr/built-in.o
  CC      drivers/media/platform/msm/camera/cam_lrme/cam_lrme_context.o
  CC      drivers/media/platform/msm/vidc/venus_boot.o
  CC      drivers/media/platform/msm/vidc/msm_vidc_clocks.o
  AR      drivers/media/tuners/tda18271.o
  AR      drivers/media/tuners/built-in.o
  CC      drivers/net/phy/phy_device.o
  AR      drivers/net/slip/built-in.o
  CC      drivers/media/rc/ir-sharp-decoder.o
  AR      drivers/media/platform/msm/camera/cam_lrme/built-in.o
  CC      drivers/media/rc/keymaps/rc-dvico-mce.o
  AR      drivers/nvmem/nvmem_core.o
  CC      drivers/media/rc/keymaps/rc-dvico-portable.o
  CC      drivers/media/platform/msm/camera/cam_req_mgr/cam_req_mgr_core.o
  AR      drivers/nvmem/built-in.o
  AR      drivers/net/ethernet/mellanox/built-in.o
  CC      drivers/media/platform/msm/camera/cam_req_mgr/cam_req_mgr_dev.o
  CC      drivers/net/ppp/bsd_comp.o
  CC      drivers/media/platform/msm/camera/cam_req_mgr/cam_req_mgr_util.o
  CC      drivers/net/usb/rtl8150.o
  CC      drivers/of/device.o
  CC      drivers/media/rc/keymaps/rc-em-terratec.o
  AR      drivers/net/ethernet/marvell/built-in.o
  AR      drivers/net/ethernet/micrel/built-in.o
  CC      drivers/net/phy/mdio_bus.o
  AR      drivers/net/ethernet/microchip/built-in.o
  CC      drivers/media/platform/msm/vidc/governors/msm_vidc_dyn_gov.o
  CC      drivers/pci/access.o
  AR      drivers/net/ethernet/myricom/built-in.o
  CC      drivers/net/ppp/ppp_deflate.o
  AR      drivers/net/ethernet/natsemi/built-in.o
  AR      drivers/net/ethernet/neterion/built-in.o
  AR      drivers/net/ethernet/netronome/built-in.o
  AR      drivers/net/ethernet/nvidia/built-in.o
  AR      drivers/net/ethernet/oki-semi/built-in.o
  AR      drivers/net/ethernet/packetengines/built-in.o
  CC      drivers/gpu/drm/msm/dp/dp_ctrl.o
  AR      drivers/net/ethernet/qcom/built-in.o
  AR      drivers/net/ethernet/qlogic/built-in.o
  CC      drivers/media/rc/keymaps/rc-encore-enltv2.o
  CC      drivers/pci/bus.o
  CC      drivers/media/platform/msm/camera/cam_sensor_module/cam_actuator/cam_actuator_dev.o
  AR      drivers/net/ethernet/qualcomm/emac/built-in.o
  CC      drivers/net/ethernet/qualcomm/rmnet/rmnet_data_pm_argos.o
  CC      drivers/media/media-entity.o
  AR      drivers/optics/built-in.o
  CC      drivers/net/ppp/ppp_mppe.o
  CC      drivers/net/ethernet/qualcomm/rmnet/rmnet_config.o
  CC      drivers/net/usb/r8152.o
  CC      drivers/media/platform/msm/camera/cam_req_mgr/cam_req_mgr_workq.o
  CC      drivers/net/ethernet/qualcomm/rmnet/rmnet_vnd.o
  CC      drivers/of/platform.o
  CC      drivers/media/platform/msm/vidc/governors/msm_vidc_ar50_dyn_gov.o
  CC      drivers/media/rc/keymaps/rc-encore-enltv.o
  CC      drivers/media/platform/msm/camera/cam_sensor_module/cam_actuator/cam_actuator_core.o
  CC      drivers/media/platform/msm/camera/cam_req_mgr/cam_mem_mgr.o
  CC      drivers/media/rc/keymaps/rc-encore-enltv-fm53.o
  CC      drivers/media/v4l2-core/vb2-trace.o
  CC      drivers/gpu/drm/msm/dp/dp_audio.o
  CC      drivers/net/ppp/ppp_synctty.o
  CC      drivers/net/phy/mdio_device.o
  CC      drivers/pci/probe.o
  CC      drivers/gpu/drm/msm/dp/dp_debug.o
  AR      drivers/net/ethernet/rdc/built-in.o
  AR      drivers/media/platform/msm/vidc/msm-vidc.o
  CC      drivers/net/ppp/pppox.o
  AR      drivers/net/wireless/admtek/built-in.o
  AR      drivers/net/wireless/ath/built-in.o
  AR      drivers/media/platform/msm/vidc/governors/msm-vidc-dyn-gov.o
  AR      drivers/media/platform/msm/vidc/governors/msm-vidc-ar50-dyn-gov.o
  AR      drivers/net/wireless/atmel/built-in.o
  AR      drivers/media/platform/msm/vidc/governors/built-in.o
  CC      drivers/net/ppp/pppoe.o
  AR      drivers/media/platform/msm/vidc/built-in.o
  CC      drivers/media/v4l2-core/v4l2-trace.o
  CC      drivers/media/rc/keymaps/rc-evga-indtube.o
  CC      drivers/of/property.o
  CC      drivers/media/platform/msm/camera/cam_sensor_module/cam_actuator/cam_actuator_soc.o
  CC      drivers/media/rc/ir-mce_kbd-decoder.o
  CC      drivers/media/platform/msm/camera/cam_req_mgr/cam_req_mgr_timer.o
  CC      drivers/net/ethernet/qualcomm/rmnet/rmnet_handlers.o
  CC      drivers/of/kobj.o
  CC      drivers/media/rc/keymaps/rc-eztv.o
  CC      drivers/of/fdt.o
  CC      drivers/net/wireless/broadcom/bcmdhd_101_16/dhd_pno.o
  CC      drivers/net/phy/swphy.o
  CC      drivers/media/platform/msm/camera/cam_req_mgr/cam_req_mgr_debug.o
  AR      drivers/media/platform/msm/camera/cam_sensor_module/cam_actuator/built-in.o
  CC      drivers/net/usb/lan78xx.o
  CC      drivers/media/platform/msm/camera/cam_sensor_module/cam_aperture/cam_aperture_dev.o
  CC      drivers/media/rc/keymaps/rc-flydvb.o
  CC      drivers/net/dummy.o
  CC      drivers/net/mii.o
  CC      drivers/net/ppp/pptp.o
  CC      drivers/gpu/drm/msm/dp/dp_mst_sim_helper.o
  CC      drivers/media/v4l2-core/v4l2-mc.o
  AR      drivers/media/media.o
  AR      drivers/net/ethernet/realtek/built-in.o
  CC      drivers/media/platform/msm/camera/cam_sensor_module/cam_aperture/cam_aperture_core.o
  CC      drivers/pci/host-bridge.o
  AR      drivers/media/platform/msm/camera/cam_req_mgr/built-in.o
  CC      drivers/pci/remove.o
  CC      drivers/media/rc/keymaps/rc-flyvideo.o
  CC      drivers/net/phy/fixed_phy.o
  CC      drivers/media/rc/keymaps/rc-fusionhdtv-mce.o
  CC      drivers/pci/pci.o
  CC      drivers/of/fdt_address.o
  CC      drivers/gpu/drm/msm/dp/dp_mst_sim.o
  CC      drivers/gpu/drm/msm/dp/dp_hpd.o
  CC      drivers/net/ppp/pppolac.o
  CC      drivers/gpu/drm/msm/dp/dp_aux_bridge.o
  CC      drivers/media/platform/msm/camera/cam_sensor_module/cam_aperture/cam_aperture_soc.o
  CC      drivers/net/ethernet/qualcomm/rmnet/rmnet_map_data.o
  CC      drivers/media/v4l2-core/v4l2-common.o
  CC      drivers/net/wireless/broadcom/bcmdhd_101_16/dhd_common.o
  CC      drivers/media/platform/msm/camera/cam_sensor_module/cam_cci/cam_cci_dev.o
  CC      drivers/net/ppp/pppopns.o
  CC      drivers/of/address.o
  CC      drivers/media/rc/keymaps/rc-gadmei-rm008z.o
  CC      drivers/net/phy/microchip.o
  CC      drivers/net/ethernet/qualcomm/rmnet/rmnet_map_command.o
  CC      drivers/net/wireless/broadcom/bcmdhd_101_16/dhd_custom_memprealloc.o
  AR      drivers/media/platform/msm/camera/cam_sensor_module/cam_aperture/built-in.o
  CC      drivers/pci/pci-driver.o
  CC      drivers/gpu/drm/msm/dp/dp_bridge_hpd.o
  CC      drivers/media/rc/keymaps/rc-geekbox.o
  CC      drivers/net/wireless/broadcom/bcmdhd_101_16/dhd_ip.o
  CC      drivers/media/platform/msm/camera/cam_sensor_module/cam_cci/cam_cci_core.o
  CC      drivers/media/v4l2-core/v4l2-dv-timings.o
  AR      drivers/net/phy/libphy.o
  AR      drivers/net/phy/built-in.o
  CC      drivers/media/v4l2-core/v4l2-mem2mem.o
  AR      drivers/net/ppp/built-in.o
  CC      drivers/media/v4l2-core/videobuf2-core.o
  CC      drivers/media/rc/keymaps/rc-genius-tvgo-a11mce.o
  CC      drivers/media/v4l2-core/videobuf2-v4l2.o
  CC      drivers/gpu/drm/msm/dp/dp_gpio_hpd.o
  CC      drivers/of/irq.o
  CC      drivers/net/usb/asix_devices.o
  CC      drivers/media/platform/msm/camera/cam_smmu/cam_smmu_api.o
  AR      drivers/net/wireless/cisco/built-in.o
  CC      drivers/net/ethernet/qualcomm/rmnet/rmnet_descriptor.o
  CC      drivers/media/rc/keymaps/rc-gotview7135.o
  CC      drivers/media/rc/ir-xmp-decoder.o
  CC      drivers/pci/dwc/pcie-hisi.o
  CC      drivers/media/platform/msm/camera/cam_sync/cam_sync.o
  CC      drivers/gpu/drm/msm/dp/dp_lphw_hpd.o
  CC      drivers/pci/search.o
  CC      drivers/media/platform/msm/camera/cam_sensor_module/cam_csiphy/cam_csiphy_soc.o
  CC      drivers/media/platform/msm/camera/cam_sensor_module/cam_cci/cam_cci_soc.o
  CC      drivers/net/usb/asix_common.o
  CC      drivers/media/rc/keymaps/rc-imon-mce.o
  CC      drivers/gpu/drm/msm/dp/dp_display.o
  CC      drivers/media/platform/msm/camera/cam_sensor_module/cam_csiphy/cam_csiphy_dev.o
  CC      drivers/of/of_net.o
  CC      drivers/net/Space.o
  AR      drivers/pci/dwc/built-in.o
  AR      drivers/net/ethernet/renesas/built-in.o
  CC      drivers/net/loopback.o
  CC      drivers/of/of_mdio.o
  CC      drivers/net/wireless/broadcom/bcmdhd_101_16/dhd_custom_gpio.o
  CC      drivers/media/platform/msm/camera/cam_utils/cam_soc_util.o
  CC      drivers/media/rc/keymaps/rc-imon-pad.o
  AR      drivers/media/platform/msm/camera/cam_sensor_module/cam_cci/built-in.o
  CC      drivers/media/platform/msm/camera/cam_utils/cam_io_util.o
  CC      drivers/media/platform/msm/camera/cam_sync/cam_sync_util.o
  CC      drivers/pci/pci-sysfs.o
  CC      drivers/media/v4l2-core/videobuf2-memops.o
  CC      drivers/media/platform/msm/camera/cam_sensor_module/cam_csiphy/cam_csiphy_core.o
  AR      drivers/media/rc/rc-core.o
  CC      drivers/net/wireless/broadcom/bcmdhd_101_16/dhd_custom_sec.o
  AR      drivers/net/ethernet/rocker/built-in.o
  CC      drivers/net/wireless/broadcom/bcmdhd_101_16/dhd_linux.o
  CC      drivers/net/usb/ax88172a.o
  CC      drivers/media/rc/keymaps/rc-iodata-bctv7e.o
  CC      drivers/net/usb/ax88179_178a.o
  AR      drivers/media/platform/msm/camera/cam_smmu/built-in.o
  CC      drivers/media/rc/keymaps/rc-it913x-v1.o
  AR      drivers/net/ethernet/qualcomm/rmnet/rmnet.o
  AR      drivers/media/platform/msm/camera/cam_sync/built-in.o
  CC      drivers/of/of_pci.o
  CC      drivers/gpu/drm/msm/dp/dp_drm.o
  AR      drivers/net/ethernet/qualcomm/rmnet/built-in.o
  CC      drivers/gpu/drm/msm/dp/dp_hdcp2p2.o
  AR      drivers/net/ethernet/qualcomm/built-in.o
  AR      drivers/net/ethernet/samsung/built-in.o
  AR      drivers/net/ethernet/seeq/built-in.o
  AR      drivers/net/ethernet/silan/built-in.o
  AR      drivers/net/ethernet/sis/built-in.o
  CC      drivers/net/ethernet/smsc/smsc911x.o
  CC      drivers/pci/rom.o
  CC      drivers/media/v4l2-core/videobuf2-vmalloc.o
  CC      drivers/media/platform/msm/camera/cam_utils/cam_packet_util.o
  CC      drivers/net/wireless/broadcom/bcmdhd_101_16/dhd_custom_msm.o
  AR      drivers/media/platform/msm/camera/cam_sensor_module/cam_csiphy/built-in.o
  CC      drivers/media/platform/msm/camera/cam_sensor_module/cam_eeprom/cam_eeprom_dev.o
  CC      drivers/media/rc/keymaps/rc-it913x-v2.o
  CC      drivers/perf/arm_pmu.o
  CC      drivers/net/tun.o
  CC      drivers/pci/setup-res.o
  CC      drivers/gpu/drm/msm/dp/dp_mst_drm.o
  CC      drivers/media/platform/msm/camera/cam_utils/cam_debug_util.o
  CC      drivers/media/rc/keymaps/rc-kaiomy.o
  CC      drivers/net/usb/cdc_ether.o
  CC      drivers/of/of_pci_irq.o
  CC      drivers/net/usb/cdc_eem.o
  AR      drivers/net/ethernet/stmicro/built-in.o
  CC      drivers/perf/arm_pmu_platform.o
  CC      drivers/media/platform/msm/camera/cam_utils/cam_trace.o
  CC      drivers/of/of_reserved_mem.o
  CC      drivers/media/platform/msm/camera/cam_sensor_module/cam_eeprom/cam_eeprom_core.o
  AR      drivers/net/ethernet/smsc/built-in.o
  AR      drivers/media/v4l2-core/videodev.o
  AR      drivers/net/ethernet/sun/built-in.o
  AR      drivers/media/v4l2-core/built-in.o
  CC      drivers/gpu/drm/msm/sde/sde_crtc.o
  AR      drivers/net/ethernet/synopsys/built-in.o
  CC      drivers/media/rc/keymaps/rc-kworld-315u.o
  AR      drivers/net/ethernet/tehuti/built-in.o
  CC      drivers/net/wireless/broadcom/bcmdhd_101_16/dhd_linux_sched.o
  CC      drivers/pci/irq.o
  AR      drivers/net/ethernet/ti/built-in.o
  AR      drivers/net/ethernet/via/built-in.o
  AR      drivers/net/ethernet/wiznet/built-in.o
  AR      drivers/net/ethernet/built-in.o
  CC      drivers/perf/qcom_llcc_pmu.o
  CC      drivers/net/usb/smsc75xx.o
  CC      drivers/of/of_slimbus.o
  CC      drivers/gpu/drm/msm/sde/sde_encoder.o
  CC      drivers/media/platform/msm/camera/cam_sensor_module/cam_flash/cam_flash_dev.o
  CC      drivers/perf_mgr/perf_mgr.o
  CC      drivers/media/rc/keymaps/rc-kworld-pc150u.o
  CC      drivers/media/platform/msm/camera/cam_utils/cam_common_util.o
  CC      drivers/media/platform/msm/camera/cam_sensor_module/cam_flash/cam_flash_core.o
  CC      drivers/net/wireless/cnss_genl/cnss_nl.o
  CC      drivers/media/platform/msm/camera/cam_sensor_module/cam_eeprom/cam_eeprom_soc.o
  AR      drivers/perf/built-in.o
  CC      drivers/gpu/drm/msm/sde/sde_encoder_phys_vid.o
  CC      drivers/of/of_batterydata.o
  CC      drivers/pci/vpd.o
  AR      drivers/media/platform/msm/camera/cam_utils/built-in.o
  CC      drivers/net/wireless/broadcom/bcmdhd_101_16/dhd_cfg80211.o
  CC      drivers/media/platform/msm/camera/cam_sensor_module/cam_ois/cam_ois_dev.o
  CC      drivers/media/rc/keymaps/rc-kworld-plus-tv-analog.o
  CC      drivers/net/wireless/broadcom/bcmdhd_101_16/dhd_linux_wq.o
  AR      drivers/media/platform/msm/camera/cam_sensor_module/cam_eeprom/built-in.o
  CC      drivers/net/usb/smsc95xx.o
  CC      drivers/media/rc/keymaps/rc-leadtek-y04g0051.o
  CC      drivers/phy/phy-core.o
  CC      drivers/media/platform/msm/camera/cam_sensor_module/cam_flash/cam_flash_soc.o
  AR      drivers/net/wireless/cnss_genl/built-in.o
  AR      drivers/of/built-in.o
  CC      drivers/net/usb/net1080.o
  AR      drivers/phy/broadcom/built-in.o
  AR      drivers/perf_mgr/built-in.o
  CC      drivers/media/platform/msm/camera/cam_sensor_module/cam_ois/cam_ois_core.o
  CC      drivers/net/wireless/broadcom/bcmdhd_101_16/aiutils.o
  AR      drivers/phy/hisilicon/built-in.o
  CC      drivers/net/usb/cdc_subset.o
  CC      drivers/pinctrl/core.o
  CC      drivers/pci/setup-bus.o
  CC      drivers/pci/vc.o
  CC      drivers/media/rc/keymaps/rc-lme2510.o
  CC      drivers/pci/mmap.o
  CC      drivers/media/platform/msm/camera/cam_sensor_module/cam_res_mgr/cam_res_mgr.o
  AR      drivers/media/platform/msm/camera/cam_sensor_module/cam_flash/built-in.o
  CC      drivers/net/wireless/cnss_prealloc/cnss_prealloc.o
  CC      drivers/net/wireless/broadcom/bcmdhd_101_16/bcmevent.o
  CC      drivers/net/wireless/broadcom/bcmdhd_101_16/bcmutils.o
  CC      drivers/media/platform/msm/camera/cam_sensor_module/cam_ois/cam_ois_soc.o
  CC      drivers/media/rc/keymaps/rc-manli.o
  CC      drivers/media/rc/keymaps/rc-medion-x10.o
  AR      drivers/phy/marvell/built-in.o
  AR      drivers/phy/motorola/built-in.o
  CC      drivers/media/rc/keymaps/rc-medion-x10-digitainer.o
  CC      drivers/phy/qualcomm/phy-qcom-ufs.o
  CC      drivers/net/usb/zaurus.o
  CC      drivers/pci/setup-irq.o
  CC      drivers/net/usb/usbnet.o
  CC      drivers/net/usb/cdc_ncm.o
  AR      drivers/net/wireless/cnss_prealloc/built-in.o
  CC      drivers/pinctrl/pinctrl-utils.o
  CC      drivers/phy/qualcomm/phy-qcom-ufs-qmp-14nm.o
  CC      drivers/net/wireless/broadcom/bcmdhd_101_16/bcmwifi_channels.o
  CC      drivers/pci/proc.o
  CC      drivers/media/platform/msm/camera/cam_sensor_module/cam_ois/cam_ois_mcu_stm32g.o
  AR      drivers/media/platform/msm/camera/cam_sensor_module/cam_res_mgr/built-in.o
  CC      drivers/net/usb/cdc_mbim.o
  CC      drivers/media/rc/keymaps/rc-medion-x10-or2x.o
  CC      drivers/gpu/drm/msm/sde/sde_encoder_phys_cmd.o
  AR      drivers/net/wireless/intel/built-in.o
  CC      drivers/pinctrl/pinmux.o
  CC      drivers/gpu/drm/msm/sde/sde_irq.o
  AR      drivers/phy/ralink/built-in.o
  AR      drivers/phy/samsung/built-in.o
  CC      drivers/phy/qualcomm/phy-qcom-ufs-qmp-v3.o
  CC      drivers/media/platform/msm/camera/cam_sensor_module/cam_ois/cam_ois_thread.o
  CC      drivers/media/rc/keymaps/rc-msi-digivox-ii.o
  CC      drivers/media/platform/msm/camera/cam_sensor_module/cam_sensor/cam_sensor_dev.o
  CC      drivers/pci/slot.o
  CC      drivers/media/platform/msm/camera/cam_sensor_module/cam_sensor/cam_sensor_core.o
  CC      drivers/media/rc/keymaps/rc-msi-digivox-iii.o
  CC      drivers/pinctrl/pinconf.o
  CC      drivers/phy/qualcomm/phy-qcom-ufs-qrbtc-sdm845.o
  AR      drivers/net/wireless/intersil/built-in.o
  AR      drivers/net/usb/asix.o
  CC      drivers/platform/msm/msm_ext_display.o
  AR      drivers/phy/st/built-in.o
  CC      drivers/net/wireless/broadcom/bcmdhd_101_16/hndpmu.o
  CC      drivers/media/platform/msm/camera/cam_sensor_module/cam_sensor_io/cam_sensor_io.o
  AR      drivers/net/wireless/marvell/built-in.o
  CC      drivers/media/platform/msm/camera/cam_sensor_module/cam_sensor_io/cam_sensor_cci_i2c.o
  CC      drivers/media/rc/keymaps/rc-msi-tvanywhere.o
  AR      drivers/phy/ti/built-in.o
  CC      drivers/platform/msm/qcom-geni-se.o
  CC      drivers/media/platform/msm/camera/cam_sensor_module/cam_sensor_io/cam_sensor_qup_i2c.o
  CC      drivers/media/platform/msm/camera/cam_sensor_module/cam_sensor_utils/cam_sensor_util.o
  AR      drivers/media/platform/msm/camera/cam_sensor_module/cam_ois/built-in.o
  CC      drivers/pinctrl/devicetree.o
  CC      drivers/gpu/drm/msm/sde/sde_core_irq.o
  AR      drivers/net/wireless/mediatek/built-in.o
  CC      drivers/platform/msm/qpnp-revid.o
  CC      drivers/gpu/drm/msm/sde/sde_core_perf.o
  CC      drivers/phy/qualcomm/phy-qcom-ufs-qmp-v3-660.o
  AR      drivers/net/usb/built-in.o
  CC      drivers/platform/msm/gsi/gsi.o
  CC      drivers/media/rc/keymaps/rc-msi-tvanywhere-plus.o
  CC      drivers/media/platform/msm/camera/cam_sensor_module/cam_sensor_utils/cam_sysfs_init.o
  CC      drivers/pci/quirks.o
  CC      drivers/media/platform/msm/camera/cam_sensor_module/cam_sensor_io/cam_sensor_spi.o
  CC      drivers/net/wireless/broadcom/bcmdhd_101_16/linux_osl.o
  CC      drivers/media/platform/msm/camera/cam_sensor_module/cam_sensor/cam_sensor_soc.o
  CC      drivers/gpu/drm/msm/sde/sde_rm.o
  CC      drivers/pinctrl/pinconf-generic.o
  CC      drivers/phy/qualcomm/phy-qcom-ufs-qmp-v4.o
  CC      drivers/media/rc/keymaps/rc-nebula.o
  CC      drivers/platform/msm/gsi/gsi_dbg.o
  CC      drivers/pci/msi.o
  CC      drivers/power/reset/msm-poweroff.o
  CC      drivers/net/wireless/broadcom/bcmdhd_101_16/linux_pkt.o
  AR      drivers/media/platform/msm/camera/cam_sensor_module/cam_sensor_io/built-in.o
  CC      drivers/media/platform/msm/camera/cam_sensor_module/cam_sensor/cam_sensor_mipi.o
  AR      drivers/net/wireless/quantenna/built-in.o
  AR      drivers/phy/qualcomm/built-in.o
  AR      drivers/phy/built-in.o
  CC      drivers/media/rc/keymaps/rc-nec-terratec-cinergy-xs.o
  CC      drivers/pci/syscall.o
  AR      drivers/ptp/built-in.o
  CC      drivers/media/rc/keymaps/rc-norwood.o
  CC      drivers/gpu/drm/msm/sde/sde_kms_utils.o
  CC      drivers/power/supply/power_supply_core.o
  AR      drivers/media/platform/msm/camera/cam_sensor_module/cam_sensor_utils/built-in.o
  CC      drivers/platform/msm/ipa/ipa_clients/ipa_usb.o
  CC      drivers/platform/msm/ipa/ipa_v3/ipahal/ipahal.o
  CC      drivers/power/reset/xgene-reboot.o
  AR      drivers/pinctrl/bcm/built-in.o
  AR      drivers/pinctrl/freescale/built-in.o
  CC      drivers/media/rc/keymaps/rc-npgtech.o
  AR      drivers/pinctrl/mvebu/built-in.o
  AR      drivers/net/wireless/ralink/built-in.o
  AR      drivers/pinctrl/nomadik/built-in.o
  AR      drivers/pinctrl/sprd/built-in.o
  CC      drivers/power/supply/power_supply_sysfs.o
  CC      drivers/pinctrl/qcom/pinctrl-msm.o
  AR      drivers/media/platform/msm/camera/cam_sensor_module/cam_sensor/built-in.o
  AR      drivers/media/platform/msm/camera/cam_sensor_module/built-in.o
  CC      drivers/pwm/core.o
  AR      drivers/media/platform/msm/camera/built-in.o
  CC      drivers/net/wireless/broadcom/bcmdhd_101_16/sbutils.o
  AR      drivers/media/platform/msm/built-in.o
  AR      drivers/media/platform/built-in.o
  CC      drivers/platform/msm/seemp_core/seemp_logk.o
  CC      drivers/platform/msm/ipa/test/ipa_ut_framework.o
  CC      drivers/platform/msm/seemp_core/seemp_ringbuf.o
  CC      drivers/gpu/drm/msm/sde/sde_kms.o
  CC      drivers/platform/msm/ipa/test/ipa_test_example.o
  CC      drivers/power/reset/syscon-reboot.o
  CC      drivers/media/rc/keymaps/rc-pctv-sedna.o
  CC      drivers/platform/msm/ipa/ipa_v3/ipa.o
  CC      drivers/pci/of.o
  CC      drivers/power/supply/power_supply_leds.o
  CC      drivers/platform/msm/ipa/ipa_v3/ipahal/ipahal_reg.o
  AR      drivers/power/reset/built-in.o
  AR      drivers/platform/msm/gsi/gsidbg.o
  CC      drivers/platform/msm/seemp_core/seemp_event_encoder.o
  AR      drivers/net/wireless/realtek/built-in.o
  CC      drivers/media/rc/keymaps/rc-pinnacle-color.o
  AR      drivers/pinctrl/ti/built-in.o
  CC      drivers/pinctrl/qcom/pinctrl-spmi-gpio.o
  CC      drivers/net/wireless/broadcom/bcmdhd_101_16/siutils.o
  CC      drivers/ras/ras.o
  CC      drivers/ras/debugfs.o
  CC      drivers/pwm/sysfs.o
  CC      drivers/power/supply/qcom/smb1390-charger-psy.o
  CC      drivers/pci/host/pci-msm.o
  CC      drivers/platform/msm/ipa/test/ipa_test_mhi.o
  AR      drivers/platform/msm/seemp_core/seemp_core.o
  AR      drivers/platform/msm/seemp_core/built-in.o
  CC      drivers/power/supply/qcom/pmic-voter.o
  CC      drivers/media/rc/keymaps/rc-pinnacle-grey.o
  AR      drivers/platform/msm/gsi/built-in.o
  AR      drivers/pci/switch/built-in.o
  CC      drivers/media/rc/keymaps/rc-pinnacle-pctv-hd.o
  CC      drivers/pci/host/pci-msm-msi.o
  CC      drivers/pwm/pwm-qti-lpg.o
  CC      drivers/pinctrl/qcom/pinctrl-spmi-mpp.o
  CC      drivers/platform/msm/ipa/ipa_clients/odu_bridge.o
  CC      drivers/media/rc/keymaps/rc-pixelview.o
  CC      drivers/net/wireless/broadcom/bcmdhd_101_16/wl_android.o
  CC      drivers/platform/msm/ipa/ipa_v3/ipahal/ipahal_fltrt.o
  CC      drivers/gpu/drm/msm/sde/sde_plane.o
  AR      drivers/ras/built-in.o
  CC      drivers/platform/msm/ipa/ipa_v3/ipa_debugfs.o
  AR      drivers/power/supply/qcom/built-in.o
  AR      drivers/power/supply/power_supply.o
  AR      drivers/power/supply/built-in.o
  AR      drivers/power/built-in.o
  CC      drivers/regulator/core.o
  CC      drivers/platform/msm/ipa/test/ipa_test_dma.o
  CC      drivers/media/rc/keymaps/rc-pixelview-mk12.o
  CC      drivers/pinctrl/qcom/pinctrl-sm8150.o
  CC      drivers/platform/msm/ipa/ipa_v3/ipahal/ipahal_hw_stats.o
  AR      drivers/pwm/built-in.o
  CC      drivers/platform/msm/ipa/ipa_api.o
  CC      drivers/media/rc/keymaps/rc-pixelview-002t.o
  AR      drivers/net/wireless/rsi/built-in.o
  CC      drivers/platform/msm/ipa/ipa_v3/ipa_hdr.o
  CC      drivers/platform/msm/sps/bam.o
  AR      drivers/pinctrl/qcom/built-in.o
  AR      drivers/pinctrl/built-in.o
  CC      drivers/regulator/dummy.o
  CC      drivers/media/rc/keymaps/rc-pixelview-new.o
  CC      drivers/platform/msm/ipa/ipa_clients/ipa_mhi_client.o
  CC      drivers/regulator/fixed-helper.o
  CC      drivers/gpu/drm/msm/sde/sde_connector.o
  CC      drivers/platform/msm/sps/sps_bam.o
  CC      drivers/media/rc/keymaps/rc-powercolor-real-angel.o
  CC      drivers/platform/msm/ipa/test/ipa_test_hw_stats.o
  CC      drivers/platform/msm/ipa/test/ipa_pm_ut.o
  CC      drivers/media/rc/keymaps/rc-proteus-2309.o
  CC      drivers/platform/msm/usb_bam.o
  CC      drivers/platform/msm/ipa/ipa_v3/ipahal/ipahal_nat.o
  CC      drivers/platform/msm/sps/sps.o
  CC      drivers/net/wireless/broadcom/bcmdhd_101_16/wl_cfg80211.o
  CC      drivers/regulator/helpers.o
  CC      drivers/media/rc/keymaps/rc-purpletv.o
  CC      drivers/regulator/devres.o
  CC      drivers/gpu/drm/msm/sde/sde_color_processing.o
  CC      drivers/platform/msm/ipa/test/ipa_test_wdi3.o
  CC      drivers/pci/host/pci-thunder-ecam.o
  AR      drivers/platform/msm/ipa/ipa_v3/ipahal/ipa_hal.o
  AR      drivers/platform/msm/ipa/ipa_v3/ipahal/built-in.o
  AR      drivers/net/wireless/st/built-in.o
  CC      drivers/platform/msm/ipa/ipa_clients/ipa_uc_offload.o
  CC      drivers/media/rc/keymaps/rc-pv951.o
  CC      drivers/reset/core.o
  CC      drivers/net/wireless/broadcom/bcmdhd_101_16/wl_cfgscan.o
  CC      drivers/pci/host/pci-thunder-pem.o
  CC      drivers/platform/msm/ipa/ipa_rm.o
  CC      drivers/media/rc/keymaps/rc-hauppauge.o
  CC      drivers/gpu/drm/msm/sde/sde_vbif.o
  CC      drivers/regulator/of_regulator.o
  CC      drivers/pci/host/pci-xgene.o
  CC      drivers/net/wireless/broadcom/bcmdhd_101_16/wl_cfgp2p.o
  CC      drivers/media/rc/keymaps/rc-rc6-mce.o
  AR      drivers/net/wireless/ti/built-in.o
  CC      drivers/platform/msm/ipa/ipa_rm_dependency_graph.o
  AR      drivers/platform/msm/ipa/test/ipa_ut_mod.o
  AR      drivers/platform/msm/ipa/test/built-in.o
  CC      drivers/regulator/fixed.o
  CC      drivers/platform/msm/sps/sps_dma.o
  AR      drivers/reset/hisilicon/built-in.o
  CC      drivers/platform/msm/ipa/ipa_clients/ipa_wdi3.o
  CC      drivers/platform/msm/sps/sps_map.o
  AR      drivers/reset/built-in.o
  CC      drivers/gpu/drm/msm/sde_io_util.o
  CC      drivers/media/rc/keymaps/rc-real-audio-220-32-keys.o
  CC      drivers/net/wireless/broadcom/bcmdhd_101_16/wl_cfgvif.o
  AR      drivers/pci/host/built-in.o
  AR      drivers/pci/built-in.o
  CC      drivers/regulator/proxy-consumer.o
  CC      drivers/regulator/s2mpb02-regulator.o
  CC      drivers/platform/msm/sps/sps_mem.o
  CC      drivers/regulator/s2mpb03.o
  AR      drivers/net/wireless/zydas/built-in.o
  CC      drivers/media/rc/keymaps/rc-reddo.o
  CC      drivers/net/wireless/broadcom/bcmdhd_101_16/wl_cfg_btcoex.o
  CC      drivers/platform/msm/ipa/ipa_clients/ipa_gsb.o
  CC      drivers/platform/msm/ipa/ipa_v3/ipa_flt.o
  CC      drivers/platform/msm/ipa/ipa_clients/ipa_wigig.o
  CC      drivers/platform/msm/sps/sps_rm.o
  CC      drivers/platform/msm/ipa/ipa_rm_peers_list.o
  CC      drivers/platform/msm/ipa/ipa_rm_resource.o
  CC      drivers/gpu/drm/msm/sde/sde_hw_reg_dma_v1_color_proc.o
  CC      drivers/gpu/drm/msm/sde/sde_hw_color_proc_v4.o
  CC      drivers/media/rc/keymaps/rc-snapstream-firefly.o
  CC      drivers/regulator/s2dos05.o
  CC      drivers/rpmsg/rpmsg_core.o
  CC      drivers/platform/msm/ipa/ipa_v3/ipa_rt.o
  CC      drivers/media/rc/keymaps/rc-streamzap.o
  CC      drivers/gpu/drm/msm/sde/sde_hw_ad4.o
  AR      drivers/platform/msm/sps/built-in.o
  CC      drivers/regulator/s2dos05_powermeter.o
  CC      drivers/rtc/rtc-lib.o
  CC      drivers/rpmsg/rpmsg_char.o
  CC      drivers/net/wireless/broadcom/bcmdhd_101_16/wldev_common.o
  CC      drivers/platform/msm/ipa/ipa_rm_inactivity_timer.o
  CC      drivers/platform/msm/ipa/ipa_v3/ipa_dp.o
  CC      drivers/media/rc/keymaps/rc-tbs-nec.o
  CC      drivers/gpu/drm/msm/sde_edid_parser.o
  CC      drivers/samsung/sec_class.o
  CC      drivers/scsi/scsi.o
  CC      drivers/regulator/refgen.o
  CC      drivers/samsung/sec_kcompat.o
  CC      drivers/rpmsg/qcom_glink_native.o
  CC      drivers/samsung/sec_param.o
  CC      drivers/media/rc/keymaps/rc-technisat-ts35.o
  CC      drivers/rtc/hctosys.o
  CC      drivers/samsung/sec_sysup.o
  CC      drivers/platform/msm/ipa/ipa_clients/rndis_ipa.o
  CC      drivers/media/rc/keymaps/rc-technisat-usb2.o
  CC      drivers/scsi/hosts.o
  CC      drivers/regulator/rpmh-regulator.o
  CC      drivers/net/wireless/broadcom/bcmdhd_101_16/wl_linux_mon.o
  CC      drivers/gpu/drm/msm/sde_dbg.o
  CC      drivers/rpmsg/qcom_glink_smem.o
  AR      drivers/platform/msm/ipa/ipa_common
  CC      drivers/scsi/scsi_ioctl.o
  CC      drivers/rtc/systohc.o
  CC      drivers/security/samsung/tzic/tzic64.o
  CC      drivers/rpmsg/qcom_glink_spss.o
  CC      drivers/media/rc/keymaps/rc-terratec-cinergy-c-pci.o
  CC      drivers/rtc/class.o
  CC      drivers/samsung/debug/sec_debug.o
  CC      drivers/security/samsung/tzic/tzic_qsee.o
  CC      drivers/rtc/interface.o
  CC      drivers/regulator/stub-regulator.o
  AR      drivers/security/samsung/tzic/tzic_driver.o
  CC      drivers/media/rc/keymaps/rc-terratec-cinergy-s2-hd.o
  AR      drivers/security/samsung/tzic/built-in.o
  CC      drivers/gpu/drm/msm/sde_dbg_evtlog.o
  CC      drivers/platform/msm/ipa/ipa_v3/ipa_client.o
  CC      drivers/net/wireless/broadcom/bcmdhd_101_16/wl_roam.o
  CC      drivers/scsi/scsicam.o
  CC      drivers/media/rc/keymaps/rc-terratec-cinergy-xs.o
  CC      drivers/sensors/sensors_ssc.o
  CC      drivers/rpmsg/qcom_glink_spi.o
  CC      drivers/slimbus/slimbus.o
  AR      drivers/platform/msm/ipa/ipa_clients/built-in.o
  CC      drivers/gpu/drm/msm/sde_hdcp_1x.o
  AR      drivers/soc/bcm/built-in.o
  CC      drivers/samsung/debug/sec_debug_node.o
  AR      drivers/soc/fsl/built-in.o
  CC      drivers/media/rc/keymaps/rc-terratec-slim.o
  AR      drivers/soc/renesas/built-in.o
  CC      drivers/scsi/scsi_error.o
  CC      drivers/samsung/misc/sec_misc.o
  AR      drivers/regulator/built-in.o
  CC      drivers/sensors/sensors_core.o
  CC      drivers/rtc/nvmem.o
  CC      drivers/net/wireless/broadcom/bcmdhd_101_16/dhd_linux_platdev.o
  CC      drivers/slimbus/slim-msm.o
  CC      drivers/soc/qcom/cpuss_dump.o
  CC      drivers/samsung/debug/sec_debug_partition.o
  CC      drivers/media/rc/keymaps/rc-terratec-slim-2.o
  CC      drivers/gpu/drm/msm/sde_hdcp_2x.o
  CC      drivers/samsung/quest/sec_quest.o
  CC      drivers/samsung/misc/sec_smem.o
  CC      drivers/rtc/rtc-dev.o
  CC      drivers/sensors/a96t3x6.o
  CC      drivers/platform/msm/ipa/ipa_v3/ipa_utils.o
  CC      drivers/media/rc/keymaps/rc-tevii-nec.o
  CC      drivers/soc/qcom/mdt_loader.o
  AR      drivers/rpmsg/built-in.o
  CC      drivers/rtc/rtc-proc.o
  CC      drivers/media/rc/keymaps/rc-tivo.o
  CC      drivers/samsung/debug/sec_hw_param.o
  CC      drivers/samsung/quest/sec_quest_param.o
  CC      drivers/net/wireless/broadcom/bcmdhd_101_16/dhd_linux_pktdump.o
  CC      drivers/scsi/scsi_lib.o
  CC      drivers/samsung/misc/sec_argos.o
  CC      drivers/slimbus/slim-msm-ngd.o
  CC      drivers/sensors/sx9330.o
  AR      drivers/samsung/quest/built-in.o
  CC      drivers/soc/qcom/llcc-core.o
  CC      drivers/gpu/drm/msm/dp/secdp_sysfs.o
  CC      drivers/rtc/rtc-sysfs.o
  CC      drivers/media/rc/keymaps/rc-total-media-in-hand.o
  CC      drivers/spi/spi.o
  CC      drivers/media/rc/keymaps/rc-total-media-in-hand-02.o
  CC      drivers/spi/spidev.o
  CC      drivers/samsung/debug/sec_key_notifier.o
  CC      drivers/spmi/spmi.o
  CC      drivers/soc/qcom/llcc-slice.o
  CC      drivers/spi/spi-geni-qcom.o
  CC      drivers/rtc/qpnp-rtc.o
  CC      drivers/media/rc/keymaps/rc-trekstor.o
  CC      drivers/gpu/drm/msm/dp/secdp_logger.o
  AR      drivers/samsung/misc/built-in.o
  CC      drivers/gpu/drm/msm/dp/secdp_unit_test.o
  CC      drivers/media/rc/keymaps/rc-tt-1500.o
  CC      drivers/net/wireless/broadcom/bcmdhd_101_16/hnd_pktq.o
  AR      drivers/sensors/built-in.o
  CC      drivers/spu_verify/spu-sign-verify.o
  CC      drivers/net/wireless/broadcom/bcmdhd_101_16/hnd_pktpool.o
  CC      drivers/samsung/debug/sec_crashkey.o
  CC      drivers/spmi/spmi-pmic-arb.o
  CC      drivers/rtc/power-on-alarm.o
  CC      drivers/samsung/debug/sec_crashkey_long.o
  AR      drivers/slimbus/built-in.o
  CC      drivers/platform/msm/ipa/ipa_v3/ipa_nat.o
  CC      drivers/media/rc/keymaps/rc-twinhan-dtv-cab-ci.o
  CC      drivers/soc/qcom/llcc-sm8150.o
  CC      drivers/scsi/scsi_common.o
  CC      drivers/gpu/drm/msm/dp/secdp_aux_control.o
  CC      drivers/scsi/constants.o
  AR      drivers/spu_verify/built-in.o
  CC      drivers/spmi/spmi-pmic-arb-debug.o
  AR      drivers/rtc/rtc-core.o
  AR      drivers/rtc/built-in.o
  CC      drivers/soc/qcom/qmi_encdec.o
  CC      drivers/samsung/debug/sec_log_buf.o
  CC      drivers/platform/msm/ipa/ipa_v3/ipa_intf.o
  CC      drivers/media/rc/keymaps/rc-twinhan1027.o
  CC      drivers/gpu/drm/msm/dp/displayport_bigdata.o
  CC      drivers/scsi/scsi_lib_dma.o
  CC      drivers/gpu/drm/msm/sde_rsc.o
  CC      drivers/net/wireless/broadcom/bcmdhd_101_16/dhd_custom_cis.o
  CC      drivers/media/rc/keymaps/rc-videomate-m1f.o
  CC      drivers/media/rc/keymaps/rc-videomate-s350.o
  CC      drivers/media/rc/keymaps/rc-videomate-tv-pvr.o
  AR      drivers/spmi/simulator/built-in.o
  AR      drivers/spmi/built-in.o
  CC      drivers/soc/qcom/qmi_interface.o
  AR      drivers/spi/built-in.o
  CC      drivers/samsung/debug/sec_init_log.o
  AR      drivers/staging/iio/adc/built-in.o
  AR      drivers/staging/iio/accel/built-in.o
  CC      drivers/staging/android/ion/ion.o
  CC      drivers/scsi/scsi_scan.o
  AR      drivers/staging/iio/addac/built-in.o
  CC      drivers/net/wireless/broadcom/bcmdhd_101_16/dhd_debug.o
  AR      drivers/staging/iio/cdc/built-in.o
  CC      drivers/soc/qcom/qmi_rmnet.o
  AR      drivers/staging/iio/frequency/built-in.o
  CC      drivers/staging/samsung/sec_notifier/vbus_notifier.o
  AR      drivers/staging/iio/gyro/built-in.o
  CC      drivers/platform/msm/ipa/ipa_v3/teth_bridge.o
  AR      drivers/staging/iio/impedance-analyzer/built-in.o
  AR      drivers/staging/iio/light/built-in.o
  CC      drivers/staging/android/ashmem.o
  AR      drivers/staging/iio/meter/built-in.o
  CC      drivers/media/rc/keymaps/rc-winfast.o
  AR      drivers/staging/iio/resolver/built-in.o
  AR      drivers/staging/iio/trigger/built-in.o
  AR      drivers/staging/iio/built-in.o
  CC      drivers/gpu/drm/msm/sde_rsc_hw.o
  CC      drivers/samsung/debug/sec_debug_sched_log.o
  CC      drivers/switch/switch_class.o
  CC      drivers/staging/android/ion/ion-ioctl.o
  CC      drivers/media/rc/keymaps/rc-winfast-usbii-deluxe.o
  CC      drivers/gpu/drm/msm/sde_rsc_hw_v3.o
  AR      drivers/staging/samsung/sec_notifier/built-in.o
  CC      drivers/scsi/scsi_sysfs.o
  AR      drivers/staging/media/built-in.o
  CC      drivers/samsung/debug/sec_debug_summary.o
  CC      drivers/platform/msm/ipa/ipa_v3/ipa_interrupts.o
  CC      drivers/staging/android/lowmemorykiller.o
  CC      drivers/net/wireless/broadcom/bcmdhd_101_16/dhd_debug_linux.o
  CC      drivers/soc/qcom/dfc_qmi.o
  CC      drivers/platform/msm/ipa/ipa_v3/ipa_uc.o
  CC      drivers/media/rc/keymaps/rc-su3000.o
  CC      drivers/thermal/thermal_core.o
  CC      drivers/gpu/drm/msm/sde/sde_fence.o
  AR      drivers/switch/built-in.o
  CC      drivers/media/rc/keymaps/rc-zx-irdec.o
  CC      drivers/scsi/scsi_devinfo.o
  CC      drivers/net/wireless/broadcom/bcmdhd_101_16/dhd_mschdbg.o
  CC      drivers/thermal/thermal_sysfs.o
  CC      drivers/samsung/debug/sec_debug_summary_coreinfo.o
  CC      drivers/staging/android/ion/ion_heap.o
  CC      drivers/scsi/scsi_sysctl.o
  AR      drivers/media/rc/keymaps/built-in.o
  AR      drivers/media/rc/built-in.o
  CC      drivers/staging/samsung/sec_heavy_task_cpu.o
  AR      drivers/media/built-in.o
  CC      drivers/gpu/drm/msm/dsi-staging/dsi_phy.o
  CC      drivers/platform/msm/ipa/ipa_v3/ipa_uc_wdi.o
  CC      drivers/tty/tty_io.o
  CC      drivers/thermal/thermal_helpers.o
  CC      drivers/platform/msm/ipa/ipa_v3/ipa_dma.o
  CC      drivers/samsung/debug/sec_bootstat.o
  CC      drivers/uio/uio.o
  CC      drivers/soc/qcom/dfc_qmap.o
  CC      drivers/net/wireless/broadcom/bcmdhd_101_16/dhd_dbg_ring.o
  CC      drivers/scsi/scsi_proc.o
  CC      drivers/staging/samsung/sec_hqm_device.o
  CC      drivers/usb/class/cdc-acm.o
  CC      drivers/staging/android/ion/ion_page_pool.o
  CC      drivers/staging/android/freecess.o
  CC      drivers/gpu/drm/msm/dsi-staging/dsi_pwr.o
  CC      drivers/samsung/debug/sec_debug_user_reset.o
  CC      drivers/usb/class/cdc-wdm.o
  AR      drivers/staging/samsung/built-in.o
  CC      drivers/tty/n_tty.o
  CC      drivers/uio/msm_sharedmem/msm_sharedmem.o
  CC      drivers/scsi/scsi_debugfs.o
  CC      drivers/soc/qcom/wda_qmi.o
  CC      drivers/thermal/thermal_hwmon.o
  CC      drivers/staging/android/ion/ion_system_heap.o
  CC      drivers/staging/android/ion/ion_carveout_heap.o
  CC      drivers/net/wireless/broadcom/bcmdhd_101_16/bcmstdlib_s.o
  CC      drivers/usb/common/common.o
  CC      drivers/gpu/drm/msm/dsi-staging/dsi_phy_hw_v2_0.o
  CC      drivers/staging/android/ion/ion_chunk_heap.o
  AR      drivers/uio/msm_sharedmem/built-in.o
  AR      drivers/uio/built-in.o
  CC      drivers/video/hdmi.o
  CC      drivers/scsi/scsi_trace.o
  CC      drivers/usb/core/usb.o
  CC      drivers/samsung/debug/sec_kernel_mode_neon_debug.o
  CC      drivers/scsi/scsi_logging.o
  AR      drivers/usb/class/built-in.o
  CC      drivers/soc/qcom/smem.o
  CC      drivers/platform/msm/ipa/ipa_v3/ipa_uc_mhi.o
  CC      drivers/net/wireless/broadcom/bcmdhd_101_16/dhd_linux_exportfs.o
  CC      drivers/staging/sti/abc/abc_common.o
  CC      drivers/net/wireless/broadcom/bcmdhd_101_16/wl_cfgnan.o
  CC      drivers/staging/android/ion/ion_system_secure_heap.o
  CC      drivers/thermal/of-thermal.o
  AR      drivers/samsung/debug/built-in.o
  CC      drivers/thermal/step_wise.o
  AR      drivers/samsung/built-in.o
  CC      drivers/video/backlight/lcd.o
  CC      drivers/gpu/drm/msm/dsi-staging/dsi_phy_hw_v3_0.o
  AR      drivers/usb/common/usb-common.o
  AR      drivers/usb/common/built-in.o
  CC      drivers/video/fbdev/core/fb_cmdline.o
  CC      drivers/staging/sti/abc/abc_hub.o
  CC      drivers/staging/android/freecess_pkg.o
  CC      drivers/tty/tty_ioctl.o
  CC      drivers/usb/core/hub.o
  CC      drivers/platform/msm/ipa/ipa_v3/ipa_mhi.o
  CC      drivers/staging/sti/abc/abc_hub_cond.o
  CC      drivers/scsi/scsi_pm.o
  CC      drivers/staging/android/ion/ion_cma_heap.o
  CC      drivers/soc/qcom/smem_state.o
  CC      drivers/video/backlight/backlight.o
  CC      drivers/video/fbdev/core/fb_notify.o
  CC      drivers/staging/android/ion/ion_secure_util.o
  CC      drivers/gpu/drm/msm/dsi-staging/dsi_phy_hw_v4_0.o
  CC      drivers/usb/core/hcd.o
  CC      drivers/thermal/user_space.o
  CC      drivers/staging/android/lmkd_debug.o
  CC      drivers/staging/sti/abc/abc_hub_bootc.o
  AR      drivers/staging/typec/fusb302/built-in.o
  AR      drivers/staging/typec/built-in.o
  CC      drivers/video/backlight/generic_bl.o
  CC      drivers/tty/tty_ldisc.o
  CC      drivers/net/wireless/broadcom/bcmdhd_101_16/bcmbloom.o
  CC      drivers/soc/qcom/smp2p.o
  CC      drivers/staging/android/ion/ion_cma_secure_heap.o
  CC      drivers/platform/msm/ipa/ipa_v3/ipa_uc_ntn.o
  CC      drivers/thermal/gov_low_limits.o
  CC      drivers/scsi/ufs/ufs-qcom.o
  AR      drivers/video/fbdev/omap2/omapfb/displays/built-in.o
  CC      drivers/video/fbdev/core/fbmem.o
  AR      drivers/video/fbdev/omap2/omapfb/dss/built-in.o
  AR      drivers/video/fbdev/omap2/omapfb/built-in.o
  AR      drivers/video/fbdev/omap2/built-in.o
  CC      drivers/tty/tty_buffer.o
  AR      drivers/video/backlight/built-in.o
  CC      drivers/gpu/drm/msm/dsi-staging/dsi_phy_timing_calc.o
  AR      drivers/staging/sti/abc/built-in.o
  CC      drivers/usb/dwc3/core.o
  AR      drivers/staging/sti/built-in.o
  CC      drivers/vservices/session.o
  CC      drivers/usb/gadget/usbstring.o
  CC      drivers/thermal/cpu_cooling.o
  CC      drivers/usb/core/urb.o
  CC      drivers/soc/qcom/scm.o
  CC      drivers/usb/core/message.o
  CC      drivers/staging/android/ion/msm/msm_ion_of.o
  CC      drivers/soc/qcom/scm-boot.o
  CC      drivers/gpu/drm/msm/dsi-staging/dsi_phy_timing_v2_0.o
  CC      drivers/tty/tty_port.o
  CC      drivers/platform/msm/ipa/ipa_v3/ipa_hw_stats.o
  CC      drivers/scsi/sd.o
  CC      drivers/usb/gadget/config.o
  CC      drivers/scsi/ufs/ufshcd.o
  CC      drivers/video/fbdev/core/fbmon.o
  CC      drivers/scsi/ufs/ufshcd-crypto.o
  CC      drivers/vservices/devio.o
  AR      drivers/staging/android/ion/msm/built-in.o
  CC      drivers/staging/android/ion/ion_rbin_heap.o
  CC      drivers/tty/tty_mutex.o
  CC      drivers/gpu/drm/msm/dsi-staging/dsi_phy_timing_v3_0.o
  CC      drivers/soc/qcom/early_random.o
  CC      drivers/net/wireless/broadcom/bcmdhd_101_16/bcmxtlv.o
  CC      drivers/thermal/devfreq_cooling.o
  CC      drivers/usb/gadget/epautoconf.o
  CC      drivers/usb/core/driver.o
  CC      drivers/usb/host/pci-quirks.o
  CC      drivers/usb/dwc3/debug_ipc.o
  CC      drivers/soc/qcom/socinfo.o
  CC      drivers/gpu/drm/msm/dsi-staging/dsi_phy_timing_v4_0.o
  CC      drivers/tty/tty_ldsem.o
  AR      drivers/staging/android/ion/built-in.o
  AR      drivers/staging/android/built-in.o
  AR      drivers/staging/built-in.o
  CC      drivers/video/display_timing.o
  CC      drivers/platform/msm/ipa/ipa_v3/ipa_pm.o
  CC      drivers/usb/gadget/composite.o
  CC      drivers/vservices/core_client.o
  CC      drivers/video/fbdev/core/fbcmap.o
  CC      drivers/usb/dwc3/trace.o
  CC      drivers/net/wireless/broadcom/bcmdhd_101_16/frag.o
  CC      drivers/video/fbdev/core/fbsysfs.o
  CC      drivers/tty/tty_baudrate.o
  CC      drivers/platform/msm/ipa/ipa_v3/ipa_wdi3_i.o
  AR      drivers/thermal/broadcom/built-in.o
  CC      drivers/usb/core/config.o
  CC      drivers/gpu/drm/msm/dsi-staging/dsi_ctrl_hw_cmn.o
  CC      drivers/thermal/qcom/msm_lmh_dcvs.o
  CC      drivers/soc/qcom/boot_stats.o
  CC      drivers/usb/host/ehci-hcd.o
  CC      drivers/thermal/qcom/lmh_dbg.o
  CC      drivers/net/wireless/broadcom/bcmdhd_101_16/dhd_linux_tx.o
  CC      drivers/tty/tty_jobctrl.o
  CC      drivers/vservices/core_server.o
  CC      drivers/usb/dwc3/host.o
  CC      drivers/thermal/qcom/qti_virtual_sensor.o
  CC      drivers/soc/qcom/dcc_v2.o
  CC      drivers/video/fbdev/core/modedb.o
  CC      drivers/soc/qcom/secure_buffer.o
  CC      drivers/gpu/drm/msm/dsi-staging/dsi_ctrl_hw_1_4.o
  CC      drivers/usb/core/file.o
  CC      drivers/vservices/protocol/block/server.o
  CC      drivers/platform/msm/ipa/ipa_v3/ipa_odl.o
  CC      drivers/soc/qcom/memory_dump_v2.o
  CC      drivers/usb/dwc3/gadget.o
  CC      drivers/usb/gadget/functions.o
  CC      drivers/thermal/qcom/regulator_aop_cdev.o
  CC      drivers/net/wireless/broadcom/bcmdhd_101_16/wl_cfgdbg.o
  CC      drivers/tty/n_null.o
  CC      drivers/video/fbdev/core/fbcvt.o
  CC      drivers/usb/gadget/configfs.o
  CC      drivers/vservices/protocol/block/client.o
  CC      drivers/gpu/drm/msm/dsi-staging/dsi_ctrl_hw_2_0.o
  CC      drivers/video/fbdev/core/cfbfillrect.o
  CC      drivers/usb/core/buffer.o
  CC      drivers/thermal/qcom/regulator_cdev.o
  CC      drivers/tty/pty.o
  CC      drivers/video/videomode.o
  CC      drivers/platform/msm/ipa/ipa_v3/ipa_wigig_i.o
  CC      drivers/soc/qcom/watchdog_v2.o
  CC      drivers/usb/isp1760/isp1760-core.o
  CC      drivers/thermal/qcom/thermal_mitigation_device_service_v01.o
  CC      drivers/net/wireless/broadcom/bcmdhd_101_16/dhd_pcie.o
  CC      drivers/video/of_display_timing.o
  AR      drivers/vservices/protocol/block/vservices_protocol_block_server.o
  CC      drivers/vservices/protocol/core/server.o
  CC      drivers/usb/core/sysfs.o
  CC      drivers/thermal/qcom/qmi_cooling.o
  CC      drivers/video/fbdev/core/cfbcopyarea.o
  CC      drivers/tty/tty_audit.o
  CC      drivers/gpu/drm/msm/dsi-staging/dsi_ctrl_hw_2_2.o
  CC      drivers/usb/isp1760/isp1760-if.o
  AR      drivers/vservices/protocol/block/vservices_protocol_block_client.o
  AR      drivers/vservices/protocol/block/built-in.o
  CC      drivers/usb/isp1760/isp1760-hcd.o
  CC      drivers/usb/host/ehci-pci.o
  CC      drivers/video/fbdev/core/cfbimgblt.o
  CC      drivers/usb/core/endpoint.o
  CC      drivers/scsi/ufs/ufshcd-crypto-qti.o
  CC      drivers/thermal/qcom/thermal_sensor_service_v01.o
  CC      drivers/tty/sysrq.o
  CC      drivers/usb/gadget/u_f.o
  CC      drivers/vservices/protocol/core/client.o
  CC      drivers/gpu/drm/msm/dsi-staging/dsi_ctrl.o
  CC      drivers/scsi/ufs/ufshcd-pltfrm.o
  CC      drivers/platform/msm/ipa/ipa_v3/ipa_qdss.o
  CC      drivers/thermal/qcom/qmi_sensors.o
  CC      drivers/thermal/qcom/bcl_pmic5.o
  CC      drivers/soc/qcom/qpnp-pbs.o
  CC      drivers/usb/host/ehci-platform.o
  CC      drivers/usb/core/devio.o
  AR      drivers/vservices/protocol/core/vservices_protocol_core_server.o
  CC      drivers/vservices/transport/axon.o
  AR      drivers/usb/isp1760/isp1760.o
  AR      drivers/usb/isp1760/built-in.o
  AR      drivers/video/fbdev/core/fb.o
  AR      drivers/thermal/samsung/built-in.o
  CC      drivers/scsi/ufs/ufs-debugfs.o
  AR      drivers/video/fbdev/core/built-in.o
  AR      drivers/usb/gadget/legacy/built-in.o
  CC      drivers/video/fbdev/amba-clcd.o
  CC      drivers/soc/qcom/spss_utils.o
  CC      drivers/usb/gadget/function/f_acm.o
  CC      drivers/thermal/qcom/adc-tm.o
  CC      drivers/platform/msm/ipa/ipa_v3/dump/ipa_reg_dump.o
  CC      drivers/usb/host/ohci-hcd.o
  AR      drivers/vservices/protocol/core/vservices_protocol_core_client.o
  AR      drivers/vservices/protocol/core/built-in.o
  CC      drivers/usb/dwc3/ep0.o
  CC      drivers/vservices/protocol/serial/client.o
  CC      drivers/gpu/drm/msm/dsi-staging/dsi_catalog.o
  AR      drivers/tty/ipwireless/built-in.o
  CC      drivers/tty/serial/serial_core.o
  CC      drivers/watchdog/watchdog_core.o
  CC      drivers/soc/qcom/service-notifier.o
  CC      drivers/scsi/sg.o
  CC      drivers/scsi/ufs/ufs-qcom-debugfs.o
  AR      drivers/video/fbdev/built-in.o
  CC      drivers/gpu/drm/msm/dsi-staging/dsi_drm.o
  CC      drivers/video/of_videomode.o
  AR      drivers/vservices/transport/vtransport_axon.o
  AR      drivers/vservices/transport/built-in.o
  CC      drivers/scsi/ch.o
  CC      drivers/thermal/qcom/adc-tm-common.o
  CC      drivers/usb/gadget/function/u_serial.o
  CC      drivers/vservices/protocol/serial/server.o
  CC      drivers/usb/dwc3/drd.o
  CC      drivers/watchdog/watchdog_dev.o
  CC      drivers/soc/qcom/service-locator.o
  CC      drivers/platform/msm/ipa/ipa_v3/rmnet_ipa.o
  AR      drivers/video/built-in.o
  CC      drivers/usb/core/notify.o
  CC      drivers/soc/qcom/sysmon-qmi.o
  AR      drivers/scsi/ufs/ufshcd-core.o
  AR      drivers/scsi/ufs/built-in.o
  CC      drivers/watchdog/softdog.o
  CC      drivers/usb/dwc3/debugfs.o
  CC      drivers/gpu/drm/msm/dsi-staging/dsi_display.o
  CC      drivers/usb/gadget/function/u_ether.o
  AR      drivers/watchdog/watchdog.o
  CC      drivers/thermal/qcom/adc-tm5.o
  AR      drivers/watchdog/built-in.o
  CC      drivers/tty/serial/earlycon.o
  CC      drivers/net/wireless/broadcom/bcmdhd_101_16/dhd_pcie_linux.o
  CC      drivers/soc/qcom/memshare/heap_mem_ext_v01.o
  CC      drivers/usb/core/generic.o
  AR      drivers/tty/vt/built-in.o
  AR      drivers/scsi/scsi_mod.o
  CC      drivers/usb/dwc3/dwc3-of-simple.o
  AR      drivers/scsi/sd_mod.o
  AR      drivers/scsi/built-in.o
  AR      drivers/vservices/protocol/serial/vservices_protocol_serial_client.o
  CC      drivers/usb/host/ohci-pci.o
  CC      drivers/platform/msm/ipa/ipa_v3/ipa_qmi_service_v01.o
  CC      drivers/usb/core/quirks.o
  AR      drivers/vservices/protocol/serial/vservices_protocol_serial_server.o
  AR      drivers/vservices/protocol/serial/built-in.o
  CC      drivers/usb/gadget/udc/core.o
  AR      drivers/vservices/protocol/built-in.o
  AR      drivers/vservices/vservices.o
  AR      drivers/vservices/built-in.o
  CC      drivers/usb/core/devices.o
  CC      drivers/usb/gadget/udc/trace.o
  CC      drivers/soc/qcom/memshare/msm_memshare.o
  CC      drivers/tty/serial/msm_geni_serial.o
  CC      drivers/gpu/drm/msm/dsi-staging/dsi_panel.o
  CC      drivers/usb/dwc3/dwc3-msm.o
  CC      drivers/usb/host/ohci-platform.o
  CC      drivers/usb/gadget/multi_config.o
  CC      drivers/usb/core/port.o
  CC      drivers/soc/qcom/msm_bus/msm_bus_core.o
  CC      drivers/soc/qcom/qdsp6v2/cdsp-loader.o
  CC      drivers/usb/core/of.o
  AR      drivers/soc/qcom/memshare/built-in.o
  CC      drivers/soc/qcom/rmnet_ctl/rmnet_ctl_client.o
  AR      drivers/thermal/qcom/built-in.o
  CC      drivers/thermal/qcom-spmi-temp-alarm.o
  CC      drivers/usb/gadget/function/rndis.o
  CC      drivers/thermal/msm-tsens.o
  CC      drivers/usb/host/xhci.o
  CC      drivers/soc/qcom/rmnet_ctl/rmnet_ctl_mhi.o
  CC      drivers/platform/msm/ipa/ipa_v3/ipa_qmi_service.o
  AR      drivers/soc/qcom/qdsp6v2/built-in.o
  CC      drivers/soc/qcom/peripheral-loader.o
  CC      drivers/usb/gadget/function/f_ncm.o
  AR      drivers/usb/gadget/udc/udc-core.o
  AR      drivers/usb/gadget/udc/built-in.o
  CC      drivers/gpu/drm/msm/dsi-staging/dsi_clk_manager.o
  CC      drivers/soc/qcom/msm_bus/msm_bus_client_api.o
  CC      drivers/thermal/tsens2xxx.o
  CC      drivers/usb/core/hcd-pci.o
  CC      drivers/usb/host/xhci-mem.o
  CC      drivers/net/wireless/broadcom/bcmdhd_101_16/pcie_core.o
  AR      drivers/soc/qcom/rmnet_ctl/rmnet_ctl.o
  AR      drivers/soc/qcom/rmnet_ctl/built-in.o
  CC      drivers/soc/qcom/msm_bus/msm_bus_of.o
  AR      drivers/tty/serial/built-in.o
  CC      drivers/tty/okl4_vtty.o
  CC      drivers/usb/manager/usb_typec_manager_notifier.o
  CC      drivers/platform/msm/ipa/ipa_v3/rmnet_ipa_fd_ioctl.o
  CC      drivers/thermal/tsens-dbg.o
  AR      drivers/usb/gadget/libcomposite.o
  CC      drivers/gpu/drm/msm/dsi-staging/dsi_display_test.o
  CC      drivers/usb/host/xhci-ring.o
  CC      drivers/usb/misc/ehset.o
  CC      drivers/net/wireless/broadcom/bcmdhd_101_16/dhd_flowring.o
  AR      drivers/usb/core/usbcore.o
  AR      drivers/usb/core/built-in.o
  CC      drivers/soc/qcom/subsys-pil-tz.o
  CC      drivers/usb/gadget/function/f_rndis.o
  CC      drivers/thermal/tsens-mtc.o
  AR      drivers/tty/built-in.o
  CC      drivers/usb/host/xhci-hub.o
  CC      drivers/soc/qcom/msm_bus/msm_bus_fabric_rpmh.o
  CC      drivers/gpu/drm/msm/sde/sde_hw_catalog.o
  CC      drivers/usb/dwc3/dbm.o
  CC      drivers/usb/misc/lvstest.o
  CC      drivers/net/wireless/broadcom/bcmdhd_101_16/dhd_msgbuf.o
  CC      drivers/platform/msm/ipa/ipa_v3/ipa_mhi_proxy.o
  CC      drivers/net/wireless/broadcom/bcmdhd_101_16/dhd_linux_lb.o
  AR      drivers/usb/manager/built-in.o
  CC      drivers/usb/host/xhci-dbg.o
  CC      drivers/soc/qcom/msm_bus/msm_bus_arb_rpmh.o
  AR      drivers/usb/misc/built-in.o
  CC      drivers/gpu/drm/msm/sde/sde_hw_cdm.o
  AR      drivers/usb/dwc3/dwc3.o
  AR      drivers/usb/dwc3/built-in.o
  CC      drivers/thermal/tsens1xxx.o
  CC      drivers/thermal/tsens_calib.o
  CC      drivers/usb/gadget/function/f_mass_storage.o
  CC      drivers/gpu/drm/msm/sde/sde_hw_dspp.o
  CC      drivers/soc/qcom/msm_bus/msm_bus_rules.o
  CC      drivers/soc/qcom/rq_stats.o
  CC      drivers/platform/msm/ipa/ipa_v3/ipa_mpm.o
  CC      drivers/soc/qcom/spcom.o
  CC      drivers/net/wireless/broadcom/bcmdhd_101_16/wl_cfgvendor.o
  CC      drivers/soc/qcom/cmd-db.o
  AR      drivers/thermal/thermal_sys.o
  AR      drivers/thermal/built-in.o
  CC      drivers/usb/notify/host_notify_class.o
  CC      drivers/usb/gadget/function/storage_common.o
  CC      drivers/usb/host/xhci-trace.o
  AR      drivers/platform/msm/ipa/ipa_v3/ipat.o
  CC      drivers/usb/notify/external_notify.o
  CC      drivers/soc/qcom/msm_bus/msm_bus_bimc_rpmh.o
  CC      drivers/usb/phy/phy.o
  CC      drivers/usb/gadget/function/f_fs.o
  CC      drivers/net/wireless/broadcom/bcmdhd_101_16/bcm_app_utils.o
  CC      drivers/gpu/drm/msm/sde/sde_hw_intf.o
  CC      drivers/usb/host/xhci-pci.o
  CC      drivers/usb/gadget/function/u_audio.o
  CC      drivers/net/wireless/broadcom/bcmdhd_101_16/dhd_rtt.o
  CC      drivers/usb/notify/usblog_proc_notify.o
  CC      drivers/usb/serial/usb-serial.o
  CC      drivers/usb/host/xhci-plat.o
  CC      drivers/usb/phy/of.o
  CC      drivers/soc/qcom/msm_bus/msm_bus_noc_rpmh.o
  CC      drivers/usb/notify/usb_notify.o
  AR      drivers/platform/msm/ipa/ipa_v3/built-in.o
  AR      drivers/platform/msm/ipa/built-in.o
  AR      drivers/platform/msm/built-in.o
  AR      drivers/platform/built-in.o
  CC      drivers/net/wireless/broadcom/bcmdhd_101_16/wl_bam.o
  CC      drivers/gpu/drm/msm/sde/sde_hw_lm.o
  CC      drivers/usb/storage/scsiglue.o
  CC      drivers/net/wireless/broadcom/bcmdhd_101_16/dhd_pktlog.o
  CC      drivers/usb/gadget/function/f_uac2.o
  CC      drivers/net/wireless/broadcom/bcmdhd_101_16/bcm_l2_filter.o
  AR      drivers/usb/host/xhci-hcd.o
  AR      drivers/usb/host/xhci-plat-hcd.o
  AR      drivers/usb/host/built-in.o
  CC      drivers/soc/qcom/msm_bus/msm_bus_proxy_client.o
  CC      drivers/usb/serial/generic.o
  CC      drivers/usb/phy/phy-generic.o
  CC      drivers/gpu/drm/msm/sde/sde_hw_ctl.o
  CC      drivers/usb/storage/protocol.o
  CC      drivers/soc/qcom/rpmh.o
  CC      drivers/usb/gadget/function/f_midi.o
  CC      drivers/usb/gadget/function/f_hid.o
  CC      drivers/usb/serial/bus.o
  CC      drivers/soc/qcom/msm_bus/msm_bus_of_rpmh.o
  CC      drivers/usb/typec/typec.o
  CC      drivers/usb/phy/phy-qcom-emu.o
  CC      drivers/gpu/drm/msm/sde/sde_hw_util.o
  CC      drivers/usb/notify/usb_notify_sysfs.o
  CC      drivers/soc/qcom/system_pm.o
  CC      drivers/usb/serial/ftdi_sio.o
  CC      drivers/usb/gadget/function/f_mtp.o
  CC      drivers/soc/qcom/msm_bus/msm_bus_dbg_rpmh.o
  CC      drivers/net/wireless/broadcom/bcmdhd_101_16/dhd_bitpack.o
  CC      drivers/net/wireless/broadcom/bcmdhd_101_16/wl_bigdata.o
  CC      drivers/usb/storage/transport.o
  CC      drivers/usb/phy/phy-msm-ssusb-qmp.o
  CC      drivers/usb/serial/pl2303.o
  CC      drivers/soc/qcom/smcinvoke.o
  CC      drivers/net/wireless/broadcom/bcmdhd_101_16/dhd_event_log_filter.o
  CC      drivers/usb/notify/dock_notify.o
  CC      drivers/net/wireless/broadcom/bcmdhd_101_16/dhd_statlog.o
  CC      drivers/gpu/drm/msm/sde/sde_hw_sspp.o
  AR      drivers/usb/typec/built-in.o
  CC      drivers/soc/qcom/subsystem_notif.o
  CC      drivers/usb/gadget/function/f_ptp.o
  CC      drivers/usb/storage/usb.o
  CC      drivers/usb/notify/usb_notifier_qcom.o
  CC      drivers/usb/phy/phy-msm-snps-hs.o
  CC      drivers/soc/qcom/subsystem_restart.o
  AR      drivers/usb/serial/usbserial.o
  AR      drivers/usb/serial/built-in.o
  CC      drivers/usb/storage/initializers.o
  CC      drivers/gpu/drm/msm/sde/sde_hw_wb.o
  AR      drivers/usb/notify/usb_notify_layer.o
  CC      drivers/usb/gadget/function/f_audio_source.o
  CC      drivers/usb/storage/sierra_ms.o
  CC      drivers/soc/qcom/ramdump.o
  AR      drivers/soc/qcom/msm_bus/built-in.o
  CC      drivers/usb/storage/option_ms.o
  CC      drivers/gpu/drm/msm/sde/sde_hw_rot.o
  CC      drivers/soc/qcom/microdump_collector.o
  CC      drivers/usb/gadget/function/f_accessory.o
  CC      drivers/usb/gadget/function/f_diag.o
  AR      drivers/usb/notify/built-in.o
  CC      drivers/soc/qcom/qsee_ipc_irq.o
  CC      drivers/usb/storage/usual-tables.o
  AR      drivers/net/wireless/broadcom/bcmdhd_101_16/dhd.o
  AR      drivers/net/wireless/broadcom/bcmdhd_101_16/built-in.o
  AR      drivers/net/wireless/broadcom/built-in.o
  AR      drivers/net/wireless/built-in.o
  AR      drivers/net/built-in.o
  CC      drivers/soc/qcom/qsee_ipc_irq_bridge.o
  AR      drivers/usb/phy/built-in.o
  CC      drivers/usb/gadget/function/f_cdev.o
  CC      drivers/gpu/drm/msm/sde/sde_hw_pingpong.o
  CC      drivers/soc/qcom/glink_probe.o
  CC      drivers/soc/qcom/glink_pkt.o
  CC      drivers/usb/gadget/function/f_ccid.o
  CC      drivers/soc/qcom/qdss_bridge.o
  CC      drivers/gpu/drm/msm/sde/sde_hw_top.o
  CC      drivers/soc/qcom/event_timer.o
  AR      drivers/usb/storage/usb-storage.o
  AR      drivers/usb/storage/built-in.o
  CC      drivers/soc/qcom/lpm-stats.o
  CC      drivers/usb/gadget/function/f_gsi.o
  CC      drivers/gpu/drm/msm/sde/sde_hw_interrupts.o
  CC      drivers/soc/qcom/rpm_stats.o
  CC      drivers/usb/gadget/function/f_qdss.o
  CC      drivers/soc/qcom/fsa4480-i2c.o
  CC      drivers/gpu/drm/msm/sde/sde_hw_vbif.o
  CC      drivers/soc/qcom/rpmh_master_stat.o
  CC      drivers/gpu/drm/msm/sde/sde_hw_blk.o
  CC      drivers/usb/gadget/function/u_qdss.o
  CC      drivers/gpu/drm/msm/sde/sde_formats.o
  CC      drivers/usb/gadget/function/f_conn_gadget.o
  CC      drivers/gpu/drm/msm/sde_power_handle.o
  CC      drivers/soc/qcom/qmp-debugfs-client.o
  CC      drivers/gpu/drm/msm/sde/sde_hw_color_processing_v1_7.o
  CC      drivers/usb/gadget/function/f_ss_mon_gadget.o
  CC      drivers/soc/qcom/msm_performance.o
  CC      drivers/gpu/drm/msm/sde/sde_reg_dma.o
  CC      drivers/soc/qcom/smp2p_sleepstate.o
  CC      drivers/gpu/drm/msm/sde/sde_hw_reg_dma_v1.o
  CC      drivers/gpu/drm/msm/sde/sde_hw_dsc.o
  CC      drivers/soc/qcom/cdsprm.o
  CC      drivers/soc/qcom/aop_ddr_msgs.o
  CC      drivers/gpu/drm/msm/sde/sde_hw_ds.o
  AR      drivers/usb/gadget/function/usb_f_acm.o
  AR      drivers/usb/gadget/function/usb_f_ncm.o
  CC      drivers/soc/qcom/hyp_core_ctl.o
  CC      drivers/soc/qcom/crypto-qti-common.o
  CC      drivers/gpu/drm/msm/sde/sde_hw_qdss.o
  AR      drivers/usb/gadget/function/usb_f_rndis.o
  CC      drivers/soc/qcom/crypto-qti-tz.o
  CC      drivers/gpu/drm/msm/sde/sde_wb.o
  AR      drivers/usb/gadget/function/usb_f_mass_storage.o
  CC      drivers/gpu/drm/msm/sde/sde_encoder_phys_wb.o
  AR      drivers/usb/gadget/function/usb_f_fs.o
  AR      drivers/soc/qcom/qmi_helpers.o
  CC      drivers/gpu/drm/msm/msm_atomic.o
  AR      drivers/usb/gadget/function/usb_f_uac2.o
  AR      drivers/usb/gadget/function/usb_f_midi.o
  CC      drivers/gpu/drm/msm/msm_drv.o
  AR      drivers/usb/gadget/function/usb_f_hid.o
  AR      drivers/usb/gadget/function/usb_f_mtp.o
  CC      drivers/gpu/drm/msm/msm_fb.o
  AR      drivers/usb/gadget/function/usb_f_ptp.o
  CC      drivers/gpu/drm/msm/msm_gem.o
  AR      drivers/usb/gadget/function/usb_f_audio_source.o
  AR      drivers/usb/gadget/function/usb_f_accessory.o
  AR      drivers/usb/gadget/function/usb_f_diag.o
  AR      drivers/usb/gadget/function/usb_f_cdev.o
  CC      drivers/gpu/drm/msm/msm_gem_prime.o
  AR      drivers/usb/gadget/function/usb_f_ccid.o
  AR      drivers/usb/gadget/function/usb_f_gsi.o
  AR      drivers/usb/gadget/function/usb_f_qdss.o
  AR      drivers/usb/gadget/function/usb_f_conn_gadget.o
  AR      drivers/usb/gadget/function/usb_f_ss_mon_gadget.o
  AR      drivers/usb/gadget/function/built-in.o
  CC      drivers/gpu/drm/msm/msm_gem_submit.o
  AR      drivers/usb/gadget/built-in.o
  AR      drivers/usb/built-in.o
  CC      drivers/gpu/drm/msm/msm_gem_shrinker.o
  CC      drivers/gpu/drm/msm/msm_gem_vma.o
  CC      drivers/gpu/drm/msm/msm_gpu.o
  CC      drivers/gpu/drm/msm/msm_iommu.o
  CC      drivers/gpu/drm/msm/msm_smmu.o
  CC      drivers/gpu/drm/msm/msm_perf.o
  CC      drivers/gpu/drm/msm/msm_rd.o
  AR      drivers/soc/qcom/built-in.o
  AR      drivers/soc/built-in.o
  CC      drivers/gpu/drm/msm/msm_ringbuffer.o
  CC      drivers/gpu/drm/msm/msm_prop.o
  CC      drivers/gpu/drm/msm/msm_fence.o
  CC      drivers/gpu/drm/msm/msm_debugfs.o
  CC      drivers/gpu/drm/msm/samsung/ss_dsi_panel_sysfs.o
  CC      drivers/gpu/drm/msm/samsung/ss_dsi_panel_debug.o
  CC      drivers/gpu/drm/msm/samsung/ss_dsi_panel_common.o
  CC      drivers/gpu/drm/msm/samsung/ss_dsi_mdnie_lite_common.o
  CC      drivers/gpu/drm/msm/samsung/ss_dsi_smart_dimming_common.o
  CC      drivers/gpu/drm/msm/samsung/ss_interpolation_common.o
  CC      drivers/gpu/drm/msm/samsung/ss_flash_table_data_common.o
  CC      drivers/gpu/drm/msm/samsung/ss_dpui_common.o
  CC      drivers/gpu/drm/msm/samsung/ss_ddi_poc_common.o
  CC      drivers/gpu/drm/msm/samsung/ss_ddi_spi_common.o
  CC      drivers/gpu/drm/msm/samsung/ss_copr_common.o
  CC      drivers/gpu/drm/msm/samsung/S6E3HA9_AMB611WE01/ss_dsi_panel_S6E3HA9_AMB611WE01.o
  CC      drivers/gpu/drm/msm/samsung/PBA_BOOTING/ss_dsi_panel_PBA_BOOTING_fhd.o
  CC      drivers/gpu/drm/msm/samsung/SELF_DISPLAY/self_display_FA7.o
  CC      drivers/gpu/drm/msm/samsung/PBA_BOOTING_DSI1/ss_dsi_panel_PBA_BOOTING_fhd_dsi1.o
  CC      drivers/gpu/drm/msm/samsung/S6E3HA9_AMB611WE01/ss_dsi_smart_dimming_S6E3HA9_AMB611WE01.o
  AR      drivers/gpu/drm/msm/msm_drm.o
  CC      drivers/gpu/drm/msm/samsung/SELF_DISPLAY/self_display_FA9.o
  CC      drivers/gpu/drm/msm/samsung/S6E3HA9_AMB611WE01/ss_dsi_interpolation_S6E3HA9_AMB611WE01.o
  CC      drivers/gpu/drm/msm/samsung/SELF_DISPLAY/self_display_HA8.o
  CC      drivers/gpu/drm/msm/samsung/SELF_DISPLAY/self_display_HA9.o
  CC      drivers/gpu/drm/msm/samsung/SELF_DISPLAY/self_display_XA0.o
  CC      drivers/gpu/drm/msm/samsung/SELF_DISPLAY/self_display_6W3.o
  AR      drivers/gpu/drm/msm/samsung/S6E3HA9_AMB611WE01/built-in.o
  AR      drivers/gpu/drm/msm/samsung/SELF_DISPLAY/built-in.o
  AR      drivers/gpu/drm/msm/samsung/built-in.o
  AR      drivers/gpu/drm/msm/built-in.o
  AR      drivers/gpu/drm/built-in.o
  AR      drivers/gpu/built-in.o
  AR      drivers/built-in.o
  GEN     .version
  CHK     include/generated/compile.h
  AR      built-in.o
  LD      vmlinux.o
  MODPOST vmlinux.o
WARNING: EXPORT symbol "gsi_write_channel_scratch" [vmlinux] version generation failed, symbol will not be versioned.
  KSYM    .tmp_kallsyms1.o
  KSYM    .tmp_kallsyms2.o
  LD      vmlinux
  SORTEX  vmlinux
  SYSMAP  System.map
  FIPS : Generating hmac of crypto and updating vmlinux... 
/home/dev/Documents/Workspace/GalaxyS10/android_kernel_samsung_sm8150-sukisu-upstream/scripts/crypto/ELF.py:76: SyntaxWarning: "\s" is an invalid escape sequence. Such sequences will not work in the future. Did you mean "\\s"? A raw string is also an option.
  self.__re_hexdecimal = "\s*[0-9A-Fa-f]+\s*"
/home/dev/Documents/Workspace/GalaxyS10/android_kernel_samsung_sm8150-sukisu-upstream/scripts/crypto/ELF.py:77: SyntaxWarning: "\s" is an invalid escape sequence. Such sequences will not work in the future. Did you mean "\\s"? A raw string is also an option.
  self.__re_sec_name = "\s*[._a-zA-Z]+\s*"
/home/dev/Documents/Workspace/GalaxyS10/android_kernel_samsung_sm8150-sukisu-upstream/scripts/crypto/ELF.py:78: SyntaxWarning: "\s" is an invalid escape sequence. Such sequences will not work in the future. Did you mean "\\s"? A raw string is also an option.
  self.__re_type = "\s*[A-Z]+\s*"
/home/dev/Documents/Workspace/GalaxyS10/android_kernel_samsung_sm8150-sukisu-upstream/scripts/crypto/ELF.py:113: SyntaxWarning: "\[" is an invalid escape sequence. Such sequences will not work in the future. Did you mean "\\["? A raw string is also an option.
  secs = re.compile("^.*\[.*\](" + self.__re_sec_name + self.__re_type + self.__re_hexdecimal +
/home/dev/Documents/Workspace/GalaxyS10/android_kernel_samsung_sm8150-sukisu-upstream/scripts/crypto/ELF.py:162: SyntaxWarning: "\s" is an invalid escape sequence. Such sequences will not work in the future. Did you mean "\\s"? A raw string is also an option.
  rel = re.compile(r"^(" + self.__re_hexdecimal + ")\s*", re.MULTILINE)
HMAC for "crypto" module is: b'c9004797077e1bc3079143f98d24cd31d608ec8ab2260dc39fde65d1ec1175ce'
FIPS integrity procedure has been finished for crypto
  OBJCOPY arch/arm64/boot/Image
  DTC     arch/arm64/boot/dts/qcom/sm8150.dtb
  DTC     arch/arm64/boot/dts/qcom/sm8150-v2.dtb
echo -n 'UNCOMPRESSED_IMG' > arch/arm64/boot/Image-dtb-hdr && \
{ dec_size=0; for F in  arch/arm64/boot/Image; do fsize=$(stat -c "%s" "$F"); dec_size=$((dec_size + fsize)); done; printf "%08x\n" $dec_size | sed 's/\(..\)/\1 /g' | { read ch0 ch1 ch2 ch3; for ch in $ch3 $ch2 $ch1 $ch0; do printf "\\$(printf '%03o' $((0x$ch)))"; done; }; } >> arch/arm64/boot/Image-dtb-hdr
  CAT     arch/arm64/boot/Image-dtb
make[1]: Leaving directory '/home/dev/Documents/Workspace/GalaxyS10/out-beyond1qlte-sukisu-enforce'
make: Leaving directory '/home/dev/Documents/Workspace/GalaxyS10/android_kernel_samsung_sm8150-sukisu-upstream'
[+] Image-dtb: /home/dev/Documents/Workspace/GalaxyS10/out-beyond1qlte-sukisu-enforce/arch/arm64/boot/Image-dtb (48105072 bytes)
